2019-11-22 23:32:04,908|release|Key.enter
2019-11-22 23:32:10,327|press|Key.cmd
2019-11-22 23:32:10,459|press|Key.tab
2019-11-22 23:32:10,622|release|Key.tab
2019-11-22 23:32:11,222|press|Key.tab
2019-11-22 23:32:11,314|release|Key.tab
2019-11-22 23:32:13,439|release|Key.cmd
2019-11-22 23:32:13,546|release|<0>
2019-11-22 23:33:02,917|press|Key.shift
2019-11-22 23:33:04,104|press|'P'
2019-11-22 23:33:04,209|release|'P'
2019-11-22 23:33:04,557|release|Key.shift
2019-11-22 23:33:05,116|press|Key.backspace
2019-11-22 23:33:05,201|release|Key.backspace
2019-11-22 23:33:07,290|press|Key.cmd
2019-11-22 23:33:07,381|press|Key.space
2019-11-22 23:33:07,485|release|Key.space
2019-11-22 23:33:07,554|release|Key.cmd
2019-11-22 23:33:08,161|press|Key.shift
2019-11-22 23:33:08,468|press|'З'
2019-11-22 23:33:08,584|release|'З'
2019-11-22 23:33:08,681|release|Key.shift
2019-11-22 23:33:09,049|press|'д'
2019-11-22 23:33:09,197|release|'д'
2019-11-22 23:33:09,676|press|'р'
2019-11-22 23:33:09,781|release|'р'
2019-11-22 23:33:09,833|press|'а'
2019-11-22 23:33:09,925|press|'в'
2019-11-22 23:33:09,957|release|'а'
2019-11-22 23:33:10,030|release|'в'
2019-11-22 23:33:10,082|press|'с'
2019-11-22 23:33:10,243|release|'с'
2019-11-22 23:33:10,257|press|'т'
2019-11-22 23:33:10,390|release|'т'
2019-11-22 23:33:10,551|press|'в'
2019-11-22 23:33:10,780|release|'в'
2019-11-22 23:33:11,008|press|'у'
2019-11-22 23:33:11,136|release|'у'
2019-11-22 23:33:11,284|press|'й'
2019-11-22 23:33:11,449|release|'й'
2019-11-22 23:33:11,462|press|'т'
2019-11-22 23:33:11,583|release|'т'
2019-11-22 23:33:11,626|press|'е'
2019-11-22 23:33:11,775|release|'е'
2019-11-22 23:33:12,944|press|Key.shift
2019-11-22 23:33:13,218|press|','
2019-11-22 23:33:13,323|release|','
2019-11-22 23:33:13,440|release|Key.shift
2019-11-22 23:33:13,650|press|Key.space
2019-11-22 23:33:13,783|release|Key.space
2019-11-22 23:33:14,900|press|Key.shift
2019-11-22 23:33:15,664|press|'Б'
2019-11-22 23:33:15,843|release|'Б'
2019-11-22 23:33:15,924|release|Key.shift
2019-11-22 23:33:16,847|press|'и'
2019-11-22 23:33:16,947|press|'о'
2019-11-22 23:33:16,999|release|'и'
2019-11-22 23:33:17,072|release|'о'
2019-11-22 23:33:17,151|press|Key.shift
2019-11-22 23:33:17,518|press|'Х'
2019-11-22 23:33:17,626|release|'Х'
2019-11-22 23:33:17,895|release|Key.shift
2019-11-22 23:33:18,103|press|'а'
2019-11-22 23:33:18,215|press|'к'
2019-11-22 23:33:18,271|release|'а'
2019-11-22 23:33:18,347|press|'а'
2019-11-22 23:33:18,373|release|'к'
2019-11-22 23:33:18,496|release|'а'
2019-11-22 23:33:59,687|press|Key.cmd
2019-11-22 23:33:59,835|press|Key.tab
2019-11-22 23:34:00,051|release|Key.tab
2019-11-22 23:34:00,192|release|Key.cmd
2019-11-22 23:34:00,446|release|<0>
2019-11-22 23:34:00,983|press|Key.cmd
2019-11-22 23:34:01,071|press|Key.tab
2019-11-22 23:34:01,270|release|Key.tab
2019-11-22 23:34:02,087|press|Key.tab
2019-11-22 23:34:02,211|release|Key.tab
2019-11-22 23:34:02,727|press|Key.tab
2019-11-22 23:34:02,883|release|Key.tab
2019-11-22 23:34:03,024|release|Key.cmd
2019-11-22 23:34:03,276|release|<0>
2019-11-22 23:34:04,714|press|Key.cmd
2019-11-22 23:34:04,861|press|Key.tab
2019-11-22 23:34:05,001|release|Key.tab
2019-11-22 23:34:05,177|press|Key.tab
2019-11-22 23:34:05,325|release|Key.tab
2019-11-22 23:34:06,670|release|Key.cmd
2019-11-22 23:34:06,691|release|<0>
2019-11-22 23:34:20,442|press|Key.shift
2019-11-22 23:34:20,514|press|'.'
2019-11-22 23:34:20,610|release|'.'
2019-11-22 23:34:20,671|release|Key.shift
2019-11-22 23:34:21,580|press|Key.enter
2019-11-22 23:34:21,680|release|Key.enter
2019-11-22 23:34:22,634|press|Key.shift
2019-11-22 23:34:23,256|press|'В'
2019-11-22 23:34:23,420|release|'В'
2019-11-22 23:34:23,445|release|Key.shift
2019-11-22 23:34:23,486|press|Key.space
2019-11-22 23:34:23,619|release|Key.space
2019-11-22 23:34:24,572|press|'2'
2019-11-22 23:34:24,669|press|'0'
2019-11-22 23:34:24,777|press|'1'
2019-11-22 23:34:24,785|release|'2'
2019-11-22 23:34:24,824|release|'0'
2019-11-22 23:34:24,990|release|'1'
2019-11-22 23:34:25,114|press|'7'
2019-11-22 23:34:25,275|release|'7'
2019-11-22 23:34:25,357|press|Key.space
2019-11-22 23:34:25,498|release|Key.space
2019-11-22 23:34:25,990|press|'г'
2019-11-22 23:34:26,107|release|'г'
2019-11-22 23:34:26,121|press|'о'
2019-11-22 23:34:26,289|release|'о'
2019-11-22 23:34:26,557|press|'д'
2019-11-22 23:34:26,718|release|'д'
2019-11-22 23:34:26,918|press|'у'
2019-11-22 23:34:27,087|release|'у'
2019-11-22 23:34:27,151|press|Key.space
2019-11-22 23:34:27,244|release|Key.space
2019-11-22 23:34:27,731|press|'м'
2019-11-22 23:34:27,863|press|'ы'
2019-11-22 23:34:27,907|release|'м'
2019-11-22 23:34:28,031|release|'ы'
2019-11-22 23:34:28,060|press|Key.space
2019-11-22 23:34:28,157|release|Key.space
2019-11-22 23:34:28,229|press|'п'
2019-11-22 23:34:28,365|release|'п'
2019-11-22 23:34:28,399|press|'р'
2019-11-22 23:34:28,475|press|'о'
2019-11-22 23:34:28,508|release|'р'
2019-11-22 23:34:28,611|release|'о'
2019-11-22 23:34:28,725|press|'в'
2019-11-22 23:34:28,882|release|'в'
2019-11-22 23:34:29,011|press|'е'
2019-11-22 23:34:29,143|release|'е'
2019-11-22 23:34:29,165|press|'р'
2019-11-22 23:34:29,309|press|'и'
2019-11-22 23:34:29,333|release|'р'
2019-11-22 23:34:29,413|release|'и'
2019-11-22 23:34:30,557|press|Key.backspace
2019-11-22 23:34:30,693|release|Key.backspace
2019-11-22 23:34:31,156|press|Key.backspace
2019-11-22 23:34:31,259|release|Key.backspace
2019-11-22 23:34:32,382|press|'л'
2019-11-22 23:34:32,530|release|'л'
2019-11-22 23:34:32,538|press|'и'
2019-11-22 23:34:32,666|release|'и'
2019-11-22 23:34:36,360|press|Key.shift
2019-11-22 23:34:36,484|press|':'
2019-11-22 23:34:36,566|release|':'
2019-11-22 23:34:36,584|release|Key.shift
2019-11-22 23:34:37,433|press|Key.enter
2019-11-22 23:34:37,525|release|Key.enter
2019-11-22 23:34:38,594|press|Key.cmd
2019-11-22 23:34:38,690|press|Key.tab
2019-11-22 23:34:38,838|release|Key.cmd
2019-11-22 23:34:38,898|release|Key.tab
2019-11-22 23:34:40,328|press|Key.cmd
2019-11-22 23:34:40,440|press|Key.tab
2019-11-22 23:34:40,601|release|Key.tab
2019-11-22 23:34:41,384|press|Key.tab
2019-11-22 23:34:41,512|release|Key.tab
2019-11-22 23:34:41,629|release|Key.cmd
2019-11-22 23:34:41,884|release|<0>
2019-11-22 23:34:47,580|press|Key.cmd
2019-11-22 23:34:47,666|press|Key.tab
2019-11-22 23:34:47,803|release|Key.cmd
2019-11-22 23:34:47,873|release|Key.tab
2019-11-22 23:34:48,913|press|Key.cmd
2019-11-22 23:34:49,020|press|Key.tab
2019-11-22 23:34:49,168|release|Key.tab
2019-11-22 23:34:49,296|press|Key.tab
2019-11-22 23:34:49,440|release|Key.tab
2019-11-22 23:34:49,841|release|Key.cmd
2019-11-22 23:34:50,095|release|<0>
2019-11-22 23:34:51,419|press|Key.shift
2019-11-22 23:34:51,987|release|Key.shift
2019-11-22 23:34:52,272|press|'1'
2019-11-22 23:34:52,476|release|'1'
2019-11-22 23:34:53,385|press|Key.shift
2019-11-22 23:34:53,528|press|')'
2019-11-22 23:34:53,616|release|')'
2019-11-22 23:34:53,641|release|Key.shift
2019-11-22 23:34:54,267|press|Key.space
2019-11-22 23:34:54,400|release|Key.space
2019-11-22 23:34:54,473|press|Key.shift
2019-11-22 23:34:55,572|press|'В'
2019-11-22 23:34:55,704|release|'В'
2019-11-22 23:34:55,797|release|Key.shift
2019-11-22 23:34:56,487|press|'с'
2019-11-22 23:34:56,644|release|'с'
2019-11-22 23:34:56,735|press|'е'
2019-11-22 23:34:56,884|release|'е'
2019-11-22 23:34:56,911|press|'р'
2019-11-22 23:34:56,951|press|'о'
2019-11-22 23:34:56,991|release|'р'
2019-11-22 23:34:57,104|release|'о'
2019-11-22 23:34:57,397|press|'с'
2019-11-22 23:34:57,526|release|'с'
2019-11-22 23:34:57,615|press|'с'
2019-11-22 23:34:57,712|release|'с'
2019-11-22 23:34:57,782|press|'и'
2019-11-22 23:34:57,895|release|'и'
2019-11-22 23:34:58,370|press|'й'
2019-11-22 23:34:58,519|release|'й'
2019-11-22 23:34:58,696|press|'с'
2019-11-22 23:34:58,821|release|'с'
2019-11-22 23:34:58,880|press|'к'
2019-11-22 23:34:59,025|release|'к'
2019-11-22 23:34:59,998|press|'и'
2019-11-22 23:35:00,151|release|'и'
2019-11-22 23:35:00,499|press|'й'
2019-11-22 23:35:00,652|release|'й'
2019-11-22 23:35:00,673|press|Key.space
2019-11-22 23:35:00,774|release|Key.space
2019-11-22 23:35:02,005|press|'ф'
2019-11-22 23:35:02,173|press|'о'
2019-11-22 23:35:02,189|release|'ф'
2019-11-22 23:35:02,309|press|'р'
2019-11-22 23:35:02,342|release|'о'
2019-11-22 23:35:02,438|release|'р'
2019-11-22 23:35:03,392|press|'у'
2019-11-22 23:35:03,536|press|'м'
2019-11-22 23:35:03,564|release|'у'
2019-11-22 23:35:03,673|release|'м'
2019-11-22 23:35:03,764|press|Key.space
2019-11-22 23:35:03,865|release|Key.space
2019-11-22 23:35:04,352|press|Key.shift
2019-11-22 23:35:09,637|release|Key.shift
2019-11-22 23:35:10,083|press|Key.shift
2019-11-22 23:35:10,503|press|'"'
2019-11-22 23:35:10,547|release|'"'
2019-11-22 23:35:10,639|press|'"'
2019-11-22 23:35:10,715|release|'"'
2019-11-22 23:35:10,912|release|Key.shift
2019-11-22 23:35:11,461|press|Key.left
2019-11-22 23:35:11,605|release|Key.left
2019-11-22 23:35:11,775|press|Key.shift
2019-11-22 23:35:12,219|press|'С'
2019-11-22 23:35:12,359|release|'С'
2019-11-22 23:35:12,396|release|Key.shift
2019-11-22 23:35:12,550|press|'п'
2019-11-22 23:35:12,698|release|'п'
2019-11-22 23:35:12,722|press|'а'
2019-11-22 23:35:12,894|press|'с'
2019-11-22 23:35:12,902|release|'а'
2019-11-22 23:35:13,099|release|'с'
2019-11-22 23:35:13,164|press|'е'
2019-11-22 23:35:13,325|release|'е'
2019-11-22 23:35:13,349|press|'м'
2019-11-22 23:35:13,434|release|'м'
2019-11-22 23:35:13,547|press|Key.space
2019-11-22 23:35:13,647|release|Key.space
2019-11-22 23:35:13,961|press|Key.shift
2019-11-22 23:35:14,380|press|'З'
2019-11-22 23:35:14,468|release|'З'
2019-11-22 23:35:14,565|release|Key.shift
2019-11-22 23:35:15,276|press|'м'
2019-11-22 23:35:15,364|press|'е'
2019-11-22 23:35:15,452|release|'м'
2019-11-22 23:35:15,533|release|'е'
2019-11-22 23:35:15,673|press|'л'
2019-11-22 23:35:15,825|release|'л'
2019-11-22 23:35:16,011|press|'ю'
2019-11-22 23:35:16,123|release|'ю'
2019-11-22 23:35:18,761|press|Key.backspace
2019-11-22 23:35:18,849|release|Key.backspace
2019-11-22 23:35:18,934|press|Key.backspace
2019-11-22 23:35:19,018|release|Key.backspace
2019-11-22 23:35:19,126|press|Key.backspace
2019-11-22 23:35:19,202|release|Key.backspace
2019-11-22 23:35:19,317|press|Key.backspace
2019-11-22 23:35:19,409|release|Key.backspace
2019-11-22 23:35:20,245|press|'е'
2019-11-22 23:35:20,405|press|'м'
2019-11-22 23:35:20,418|release|'е'
2019-11-22 23:35:20,585|release|'м'
2019-11-22 23:35:20,860|press|'л'
2019-11-22 23:35:21,001|release|'л'
2019-11-22 23:35:21,189|press|'ю'
2019-11-22 23:35:21,309|release|'ю'
2019-11-22 23:35:21,865|press|Key.cmd
2019-11-22 23:35:22,045|press|Key.tab
2019-11-22 23:35:22,201|release|Key.tab
2019-11-22 23:35:22,231|release|Key.cmd
2019-11-22 23:35:22,484|release|<0>
2019-11-22 23:35:22,944|press|Key.cmd
2019-11-22 23:35:23,032|press|Key.tab
2019-11-22 23:35:23,184|release|Key.tab
2019-11-22 23:35:24,220|press|Key.tab
2019-11-22 23:35:24,376|release|Key.tab
2019-11-22 23:35:24,529|release|Key.cmd
2019-11-22 23:35:24,782|release|<0>
2019-11-22 23:35:28,848|press|Key.cmd
2019-11-22 23:35:28,950|press|Key.tab
2019-11-22 23:35:29,181|release|Key.tab
2019-11-22 23:35:29,310|release|Key.cmd
2019-11-22 23:35:29,563|release|<0>
2019-11-22 23:35:30,048|press|Key.cmd
2019-11-22 23:35:30,132|press|Key.tab
2019-11-22 23:35:30,296|release|Key.tab
2019-11-22 23:35:30,663|press|Key.tab
2019-11-22 23:35:30,791|release|Key.tab
2019-11-22 23:35:30,896|release|Key.cmd
2019-11-22 23:35:31,150|release|<0>
2019-11-22 23:35:52,027|press|'7'
2019-11-22 23:35:52,151|release|'7'
2019-11-22 23:35:52,194|press|Key.space
2019-11-22 23:35:52,318|release|Key.space
2019-11-22 23:35:53,308|press|'д'
2019-11-22 23:35:53,464|release|'д'
2019-11-22 23:35:54,156|press|'н'
2019-11-22 23:35:54,232|press|'е'
2019-11-22 23:35:54,288|release|'н'
2019-11-22 23:35:54,424|release|'е'
2019-11-22 23:35:54,953|press|'й'
2019-11-22 23:35:55,109|release|'й'
2019-11-22 23:35:55,641|press|Key.enter
2019-11-22 23:35:55,737|release|Key.enter
2019-11-22 23:35:56,966|press|Key.backspace
2019-11-22 23:35:57,058|release|Key.backspace
2019-11-22 23:35:58,266|press|Key.enter
2019-11-22 23:35:58,358|release|Key.enter
2019-11-22 23:35:59,450|press|Key.backspace
2019-11-22 23:35:59,530|release|Key.backspace
2019-11-22 23:36:03,968|press|Key.down
2019-11-22 23:36:04,104|release|Key.down
2019-11-22 23:36:04,947|press|Key.up
2019-11-22 23:36:05,115|release|Key.up
2019-11-22 23:36:08,604|press|Key.enter
2019-11-22 23:36:08,700|release|Key.enter
2019-11-22 23:36:09,880|press|Key.backspace
2019-11-22 23:36:09,996|release|Key.backspace
2019-11-22 23:36:11,217|press|Key.enter
2019-11-22 23:36:11,361|release|Key.enter
2019-11-22 23:36:12,892|press|Key.right
2019-11-22 23:36:13,036|release|Key.right
2019-11-22 23:36:13,931|press|Key.left
2019-11-22 23:36:14,079|release|Key.left
2019-11-22 23:36:15,237|press|'1'
2019-11-22 23:36:15,473|press|'3'
2019-11-22 23:36:15,493|release|'1'
2019-11-22 23:36:15,669|release|'3'
2019-11-22 23:36:16,359|press|Key.backspace
2019-11-22 23:36:16,488|release|Key.backspace
2019-11-22 23:36:16,713|press|'2'
2019-11-22 23:36:16,853|release|'2'
2019-11-22 23:36:17,301|press|Key.space
2019-11-22 23:36:17,393|release|Key.space
2019-11-22 23:36:18,111|press|'п'
2019-11-22 23:36:18,251|release|'п'
2019-11-22 23:36:18,258|press|'л'
2019-11-22 23:36:18,359|press|'о'
2019-11-22 23:36:18,419|release|'л'
2019-11-22 23:36:18,475|release|'о'
2019-11-22 23:36:19,310|press|'щ'
2019-11-22 23:36:19,430|release|'щ'
2019-11-22 23:36:19,971|press|'а'
2019-11-22 23:36:20,131|release|'а'
2019-11-22 23:36:20,279|press|'д'
2019-11-22 23:36:20,419|release|'д'
2019-11-22 23:36:20,528|press|'о'
2019-11-22 23:36:20,644|release|'о'
2019-11-22 23:36:20,902|press|'к'
2019-11-22 23:36:21,062|release|'к'
2019-11-22 23:36:22,274|press|Key.left
2019-11-22 23:36:22,775|press|Key.left
2019-11-22 23:36:22,860|press|Key.left
2019-11-22 23:36:22,944|press|Key.left
2019-11-22 23:36:23,028|press|Key.left
2019-11-22 23:36:23,112|press|Key.left
2019-11-22 23:36:23,196|press|Key.left
2019-11-22 23:36:23,280|press|Key.left
2019-11-22 23:36:23,364|press|Key.left
2019-11-22 23:36:23,448|press|Key.left
2019-11-22 23:36:23,533|press|Key.left
2019-11-22 23:36:23,557|release|Key.left
2019-11-22 23:36:23,768|press|Key.left
2019-11-22 23:36:23,825|release|Key.left
2019-11-22 23:36:24,702|press|Key.left
2019-11-22 23:36:24,799|release|Key.left
2019-11-22 23:36:27,562|press|'ё'
2019-11-22 23:36:27,659|release|'ё'
2019-11-22 23:36:29,924|press|Key.backspace
2019-11-22 23:36:30,012|release|Key.backspace
2019-11-22 23:36:30,353|press|Key.backspace
2019-11-22 23:36:30,453|release|Key.backspace
2019-11-22 23:36:32,138|press|Key.space
2019-11-22 23:36:32,283|release|Key.space
2019-11-22 23:36:36,141|press|Key.backspace
2019-11-22 23:36:36,259|release|Key.backspace
2019-11-22 23:36:39,732|press|Key.shift
2019-11-22 23:36:41,524|press|';'
2019-11-22 23:36:41,604|release|';'
2019-11-22 23:36:41,784|release|Key.shift
2019-11-22 23:36:43,378|press|Key.space
2019-11-22 23:36:43,515|release|Key.space
2019-11-22 23:36:46,653|press|Key.shift
2019-11-22 23:36:47,584|press|':'
2019-11-22 23:36:47,660|release|':'
2019-11-22 23:36:47,821|release|Key.shift
2019-11-22 23:36:48,433|press|Key.backspace
2019-11-22 23:36:48,537|release|Key.backspace
2019-11-22 23:36:49,533|press|Key.shift
2019-11-22 23:36:49,689|press|';'
2019-11-22 23:36:49,777|release|';'
2019-11-22 23:36:49,866|release|Key.shift
2019-11-22 23:36:50,889|press|Key.space
2019-11-22 23:36:51,017|release|Key.space
2019-11-22 23:36:51,462|press|Key.cmd
2019-11-22 23:36:51,550|press|Key.tab
2019-11-22 23:36:51,714|release|Key.tab
2019-11-22 23:36:52,639|press|Key.tab
2019-11-22 23:36:52,867|release|Key.tab
2019-11-22 23:36:53,092|release|Key.cmd
2019-11-22 23:36:53,346|release|<0>
2019-11-22 23:36:54,320|press|Key.cmd
2019-11-22 23:36:54,452|press|Key.tab
2019-11-22 23:36:54,637|release|Key.tab
2019-11-22 23:36:55,589|release|Key.cmd
2019-11-22 23:36:55,843|release|<0>
2019-11-22 23:36:56,818|press|'5'
2019-11-22 23:36:56,974|release|'5'
2019-11-22 23:36:57,347|press|'0'
2019-11-22 23:36:57,419|release|'0'
2019-11-22 23:36:57,503|press|'0'
2019-11-22 23:36:57,607|release|'0'
2019-11-22 23:36:57,680|press|Key.space
2019-11-22 23:36:57,864|release|Key.space
2019-11-22 23:36:59,017|press|'у'
2019-11-22 23:36:59,173|release|'у'
2019-11-22 23:36:59,426|press|'ч'
2019-11-22 23:36:59,574|release|'ч'
2019-11-22 23:36:59,764|press|'а'
2019-11-22 23:36:59,884|release|'а'
2019-11-22 23:37:00,033|press|'с'
2019-11-22 23:37:00,173|release|'с'
2019-11-22 23:37:00,446|press|'т'
2019-11-22 23:37:00,558|release|'т'
2019-11-22 23:37:00,645|press|'н'
2019-11-22 23:37:00,797|press|'и'
2019-11-22 23:37:00,833|release|'н'
2019-11-22 23:37:00,933|release|'и'
2019-11-22 23:37:01,017|press|'к'
2019-11-22 23:37:01,157|release|'к'
2019-11-22 23:37:01,165|press|'о'
2019-11-22 23:37:01,297|release|'о'
2019-11-22 23:37:01,370|press|'в'
2019-11-22 23:37:01,514|release|'в'
2019-11-22 23:37:07,475|press|Key.shift
2019-11-22 23:37:08,380|press|'.'
2019-11-22 23:37:08,468|release|'.'
2019-11-22 23:37:08,508|release|Key.shift
2019-11-22 23:37:09,687|press|Key.enter
2019-11-22 23:37:09,859|release|Key.enter
2019-11-22 23:37:10,807|press|Key.cmd
2019-11-22 23:37:10,927|press|Key.tab
2019-11-22 23:37:11,011|release|Key.cmd
2019-11-22 23:37:11,099|release|Key.tab
2019-11-22 23:37:15,134|press|Key.cmd
2019-11-22 23:37:15,252|press|Key.tab
2019-11-22 23:37:15,340|release|Key.cmd
2019-11-22 23:37:15,428|release|Key.tab
2019-11-22 23:37:16,126|press|Key.shift
2019-11-22 23:37:16,633|press|'Х'
2019-11-22 23:37:16,806|release|'Х'
2019-11-22 23:37:17,090|release|Key.shift
2019-11-22 23:37:17,617|press|'а'
2019-11-22 23:37:17,741|press|'к'
2019-11-22 23:37:17,773|release|'а'
2019-11-22 23:37:17,854|release|'к'
2019-11-22 23:37:17,964|press|'к'
2019-11-22 23:37:18,049|release|'к'
2019-11-22 23:37:19,575|press|Key.backspace
2019-11-22 23:37:19,720|release|Key.backspace
2019-11-22 23:37:19,824|press|'а'
2019-11-22 23:37:19,957|release|'а'
2019-11-22 23:37:20,579|press|'т'
2019-11-22 23:37:20,666|press|'о'
2019-11-22 23:37:20,715|release|'т'
2019-11-22 23:37:20,795|release|'о'
2019-11-22 23:37:20,858|press|'н'
2019-11-22 23:37:20,991|release|'н'
2019-11-22 23:37:21,435|press|Key.space
2019-11-22 23:37:21,513|release|Key.space
2019-11-22 23:37:22,103|press|Key.shift
2019-11-22 23:37:22,532|press|'"'
2019-11-22 23:37:22,610|release|'"'
2019-11-22 23:37:22,705|press|'"'
2019-11-22 23:37:22,773|release|'"'
2019-11-22 23:37:22,980|release|Key.shift
2019-11-22 23:37:24,833|press|Key.left
2019-11-22 23:37:24,966|release|Key.left
2019-11-22 23:37:25,985|press|Key.shift
2019-11-22 23:37:26,324|press|'Х'
2019-11-22 23:37:26,440|release|'Х'
2019-11-22 23:37:26,565|release|Key.shift
2019-11-22 23:37:26,882|press|'а'
2019-11-22 23:37:26,998|press|'к'
2019-11-22 23:37:27,050|release|'а'
2019-11-22 23:37:27,127|release|'к'
2019-11-22 23:37:27,380|press|'в'
2019-11-22 23:37:27,517|release|'в'
2019-11-22 23:37:27,654|press|'е'
2019-11-22 23:37:27,819|release|'е'
2019-11-22 23:37:27,848|press|'р'
2019-11-22 23:37:27,953|release|'р'
2019-11-22 23:37:28,039|press|'с'
2019-11-22 23:37:28,180|release|'с'
2019-11-22 23:37:29,124|press|Key.right
2019-11-22 23:37:29,240|release|Key.right
2019-11-22 23:37:29,709|press|Key.space
2019-11-22 23:37:29,806|release|Key.space
2019-11-22 23:37:30,485|press|Key.cmd
2019-11-22 23:37:30,572|press|Key.tab
2019-11-22 23:37:30,689|release|Key.cmd
2019-11-22 23:37:30,752|release|Key.tab
2019-11-22 23:37:33,010|press|Key.cmd
2019-11-22 23:37:33,130|press|Key.tab
2019-11-22 23:37:33,227|release|Key.cmd
2019-11-22 23:37:33,300|release|Key.tab
2019-11-22 23:37:33,716|press|'с'
2019-11-22 23:37:33,857|release|'с'
2019-11-22 23:37:33,890|press|'р'
2019-11-22 23:37:33,979|release|'р'
2019-11-22 23:37:33,999|press|'е'
2019-11-22 23:37:34,151|release|'е'
2019-11-22 23:37:34,486|press|'д'
2019-11-22 23:37:34,651|release|'д'
2019-11-22 23:37:34,844|press|'и'
2019-11-22 23:37:34,977|release|'и'
2019-11-22 23:37:35,028|press|Key.space
2019-11-22 23:37:35,112|release|Key.space
2019-11-22 23:37:35,722|press|'у'
2019-11-22 23:37:35,878|release|'у'
2019-11-22 23:37:35,899|press|'н'
2019-11-22 23:37:36,064|release|'н'
2019-11-22 23:37:36,107|press|'е'
2019-11-22 23:37:36,216|release|'е'
2019-11-22 23:37:37,328|press|Key.backspace
2019-11-22 23:37:37,444|release|Key.backspace
2019-11-22 23:37:38,437|press|'и'
2019-11-22 23:37:38,598|release|'и'
2019-11-22 23:37:39,190|press|'в'
2019-11-22 23:37:39,326|release|'в'
2019-11-22 23:37:39,485|press|'е'
2019-11-22 23:37:39,622|release|'е'
2019-11-22 23:37:39,673|press|'р'
2019-11-22 23:37:39,750|release|'р'
2019-11-22 23:37:39,976|press|'с'
2019-11-22 23:37:40,128|release|'с'
2019-11-22 23:37:40,174|press|'и'
2019-11-22 23:37:40,294|press|'т'
2019-11-22 23:37:40,319|release|'и'
2019-11-22 23:37:40,470|release|'т'
2019-11-22 23:37:41,019|press|'е'
2019-11-22 23:37:41,140|release|'е'
2019-11-22 23:37:41,195|press|'т'
2019-11-22 23:37:41,311|press|'о'
2019-11-22 23:37:41,339|release|'т'
2019-11-22 23:37:41,459|release|'о'
2019-11-22 23:37:41,533|press|'в'
2019-11-22 23:37:41,689|release|'в'
2019-11-22 23:37:42,776|press|Key.enter
2019-11-22 23:37:42,856|release|Key.enter
2019-11-22 23:37:57,907|press|Key.backspace
2019-11-22 23:37:58,003|release|Key.backspace
2019-11-22 23:37:59,633|press|Key.enter
2019-11-22 23:37:59,693|release|Key.enter
2019-11-22 23:38:00,778|press|Key.backspace
2019-11-22 23:38:00,890|release|Key.backspace
2019-11-22 23:38:06,571|press|Key.down
2019-11-22 23:38:06,715|release|Key.down
2019-11-22 23:38:16,474|press|Key.enter
2019-11-22 23:38:16,694|release|Key.enter
2019-11-22 23:38:20,002|press|Key.enter
2019-11-22 23:38:20,166|release|Key.enter
2019-11-22 23:38:24,679|press|Key.backspace
2019-11-22 23:38:24,769|release|Key.backspace
2019-11-22 23:38:26,012|press|Key.enter
2019-11-22 23:38:26,109|release|Key.enter
2019-11-22 23:38:27,475|press|Key.backspace
2019-11-22 23:38:27,616|release|Key.backspace
2019-11-22 23:38:28,928|press|Key.enter
2019-11-22 23:38:29,081|release|Key.enter
2019-11-22 23:38:29,443|press|Key.enter
2019-11-22 23:38:29,560|release|Key.enter
2019-11-22 23:38:31,143|press|Key.cmd
2019-11-22 23:38:31,286|press|Key.tab
2019-11-22 23:38:31,379|release|Key.cmd
2019-11-22 23:38:31,475|release|Key.tab
2019-11-22 23:38:33,046|press|Key.cmd
2019-11-22 23:38:33,236|press|Key.tab
2019-11-22 23:38:33,294|release|Key.cmd
2019-11-22 23:38:33,381|release|Key.tab
2019-11-22 23:38:34,373|press|Key.shift
2019-11-22 23:38:35,241|press|'"'
2019-11-22 23:38:35,346|release|Key.shift
2019-11-22 23:38:35,474|release|'2'
2019-11-22 23:38:36,422|press|Key.backspace
2019-11-22 23:38:36,578|release|Key.backspace
2019-11-22 23:38:36,600|press|'2'
2019-11-22 23:38:36,804|release|'2'
2019-11-22 23:38:37,616|press|'д'
2019-11-22 23:38:37,835|release|'д'
2019-11-22 23:38:37,836|press|'н'
2019-11-22 23:38:37,988|release|'н'
2019-11-22 23:38:38,313|press|'я'
2019-11-22 23:38:38,445|release|'я'
2019-11-22 23:38:40,629|press|Key.shift
2019-11-22 23:38:40,757|press|';'
2019-11-22 23:38:40,850|release|';'
2019-11-22 23:38:40,857|release|Key.shift
2019-11-22 23:38:41,200|press|Key.space
2019-11-22 23:38:41,348|release|Key.space
2019-11-22 23:38:42,349|press|Key.left
2019-11-22 23:38:42,441|release|Key.left
2019-11-22 23:38:42,536|press|Key.left
2019-11-22 23:38:42,628|release|Key.left
2019-11-22 23:38:42,751|press|Key.left
2019-11-22 23:38:42,851|release|Key.left
2019-11-22 23:38:43,022|press|Key.left
2019-11-22 23:38:43,170|release|Key.left
2019-11-22 23:38:43,354|press|Key.left
2019-11-22 23:38:43,470|release|Key.left
2019-11-22 23:38:43,614|press|Key.space
2019-11-22 23:38:43,778|release|Key.space
2019-11-22 23:38:43,908|press|Key.right
2019-11-22 23:38:44,409|press|Key.right
2019-11-22 23:38:44,494|press|Key.right
2019-11-22 23:38:44,578|press|Key.right
2019-11-22 23:38:44,624|release|Key.right
2019-11-22 23:38:45,214|press|Key.space
2019-11-22 23:38:45,410|release|Key.space
2019-11-22 23:38:47,399|press|'5'
2019-11-22 23:38:47,571|release|'5'
2019-11-22 23:38:47,608|press|'0'
2019-11-22 23:38:47,728|release|'0'
2019-11-22 23:38:48,098|press|Key.space
2019-11-22 23:38:48,282|release|Key.space
2019-11-22 23:38:48,457|press|'к'
2019-11-22 23:38:48,609|release|'к'
2019-11-22 23:38:48,617|press|'о'
2019-11-22 23:38:48,753|release|'о'
2019-11-22 23:38:48,793|press|'м'
2019-11-22 23:38:48,933|press|'а'
2019-11-22 23:38:48,969|release|'м'
2019-11-22 23:38:49,105|release|'а'
2019-11-22 23:38:49,145|press|'н'
2019-11-22 23:38:49,257|release|'н'
2019-11-22 23:38:49,815|press|'д'
2019-11-22 23:38:49,955|release|'д'
2019-11-22 23:38:51,781|press|Key.shift
2019-11-22 23:38:51,949|press|';'
2019-11-22 23:38:52,077|release|Key.shift
2019-11-22 23:38:52,081|release|'8'
2019-11-22 23:38:52,867|press|Key.space
2019-11-22 23:38:52,999|release|Key.space
2019-11-22 23:38:53,692|press|Key.cmd
2019-11-22 23:38:53,848|press|Key.tab
2019-11-22 23:38:53,954|release|Key.cmd
2019-11-22 23:38:54,009|release|Key.tab
2019-11-22 23:38:55,795|press|Key.cmd
2019-11-22 23:38:55,972|press|Key.tab
2019-11-22 23:38:56,047|release|Key.cmd
2019-11-22 23:38:56,114|release|Key.tab
2019-11-22 23:38:57,668|press|'1'
2019-11-22 23:38:57,808|release|'1'
2019-11-22 23:38:57,831|press|'0'
2019-11-22 23:38:57,911|release|'0'
2019-11-22 23:38:57,985|press|'0'
2019-11-22 23:38:58,101|release|'0'
2019-11-22 23:38:58,412|press|Key.space
2019-11-22 23:38:58,552|release|Key.space
2019-11-22 23:38:58,905|press|'и'
2019-11-22 23:38:59,005|press|'н'
2019-11-22 23:38:59,041|release|'и'
2019-11-22 23:38:59,153|release|'н'
2019-11-22 23:38:59,412|press|'в'
2019-11-22 23:38:59,552|release|'в'
2019-11-22 23:38:59,667|press|'е'
2019-11-22 23:38:59,787|release|'е'
2019-11-22 23:38:59,887|press|'с'
2019-11-22 23:39:00,011|release|'с'
2019-11-22 23:39:00,038|press|'и'
2019-11-22 23:39:00,150|press|'р'
2019-11-22 23:39:00,165|release|'и'
2019-11-22 23:39:00,286|release|'р'
2019-11-22 23:39:01,733|press|Key.backspace
2019-11-22 23:39:01,857|release|Key.backspace
2019-11-22 23:39:02,492|press|Key.backspace
2019-11-22 23:39:02,580|release|Key.backspace
2019-11-22 23:39:03,271|press|'т'
2019-11-22 23:39:03,368|press|'о'
2019-11-22 23:39:03,397|release|'т'
2019-11-22 23:39:03,512|press|'р'
2019-11-22 23:39:03,540|release|'о'
2019-11-22 23:39:03,636|release|'р'
2019-11-22 23:39:03,801|press|'в'
2019-11-22 23:39:03,933|release|'в'
2019-11-22 23:39:05,477|press|Key.left
2019-11-22 23:39:05,617|press|'о'
2019-11-22 23:39:05,620|release|Key.left
2019-11-22 23:39:05,745|release|'о'
2019-11-22 23:39:06,066|press|Key.right
2019-11-22 23:39:06,202|release|Key.right
2019-11-22 23:39:08,506|press|Key.shift
2019-11-22 23:39:08,624|press|'.'
2019-11-22 23:39:08,698|release|'.'
2019-11-22 23:39:08,722|release|Key.shift
2019-11-22 23:39:08,871|press|Key.space
2019-11-22 23:39:09,028|release|Key.space
2019-11-22 23:39:10,666|press|Key.enter
2019-11-22 23:39:10,775|release|Key.enter
2019-11-22 23:39:16,940|press|Key.backspace
2019-11-22 23:39:17,081|release|Key.backspace
2019-11-22 23:39:17,259|press|Key.backspace
2019-11-22 23:39:17,364|release|Key.backspace
2019-11-22 23:39:19,113|press|Key.backspace
2019-11-22 23:39:19,615|press|Key.backspace
2019-11-22 23:39:19,699|press|Key.backspace
2019-11-22 23:39:19,783|press|Key.backspace
2019-11-22 23:39:19,867|press|Key.backspace
2019-11-22 23:39:19,952|press|Key.backspace
2019-11-22 23:39:20,036|press|Key.backspace
2019-11-22 23:39:20,121|press|Key.backspace
2019-11-22 23:39:20,205|press|Key.backspace
2019-11-22 23:39:20,288|press|Key.backspace
2019-11-22 23:39:20,373|press|Key.backspace
2019-11-22 23:39:20,457|press|Key.backspace
2019-11-22 23:39:20,541|press|Key.backspace
2019-11-22 23:39:20,625|press|Key.backspace
2019-11-22 23:39:20,709|press|Key.backspace
2019-11-22 23:39:20,793|press|Key.backspace
2019-11-22 23:39:20,878|press|Key.backspace
2019-11-22 23:39:20,962|press|Key.backspace
2019-11-22 23:39:21,046|press|Key.backspace
2019-11-22 23:39:21,132|press|Key.backspace
2019-11-22 23:39:21,186|release|Key.backspace
2019-11-22 23:39:21,302|press|Key.backspace
2019-11-22 23:39:21,383|release|Key.backspace
2019-11-22 23:39:21,476|press|Key.backspace
2019-11-22 23:39:21,577|release|Key.backspace
2019-11-22 23:39:21,655|press|Key.backspace
2019-11-22 23:39:21,743|release|Key.backspace
2019-11-22 23:39:21,819|press|Key.backspace
2019-11-22 23:39:21,908|release|Key.backspace
2019-11-22 23:39:21,995|press|Key.backspace
2019-11-22 23:39:22,076|release|Key.backspace
2019-11-22 23:39:22,161|press|Key.backspace
2019-11-22 23:39:22,254|release|Key.backspace
2019-11-22 23:39:22,334|press|Key.backspace
2019-11-22 23:39:22,411|release|Key.backspace
2019-11-22 23:39:22,516|press|Key.backspace
2019-11-22 23:39:22,609|release|Key.backspace
2019-11-22 23:39:22,696|press|Key.backspace
2019-11-22 23:39:22,785|release|Key.backspace
2019-11-22 23:39:22,867|press|Key.backspace
2019-11-22 23:39:22,956|release|Key.backspace
2019-11-22 23:39:23,043|press|Key.backspace
2019-11-22 23:39:23,136|release|Key.backspace
2019-11-22 23:39:23,227|press|Key.backspace
2019-11-22 23:39:23,324|release|Key.backspace
2019-11-22 23:39:23,440|press|Key.backspace
2019-11-22 23:39:23,529|release|Key.backspace
2019-11-22 23:39:23,678|press|Key.backspace
2019-11-22 23:39:23,787|release|Key.backspace
2019-11-22 23:39:24,210|press|Key.backspace
2019-11-22 23:39:24,279|release|Key.backspace
2019-11-22 23:39:25,291|press|Key.enter
2019-11-22 23:39:25,422|release|Key.enter
2019-11-22 23:39:38,755|press|Key.enter
2019-11-22 23:39:38,899|release|Key.enter
2019-11-22 23:39:40,038|press|Key.backspace
2019-11-22 23:39:40,246|release|Key.backspace
2019-11-22 23:39:41,814|press|Key.left
2019-11-22 23:39:41,973|release|Key.left
2019-11-22 23:39:42,362|press|Key.backspace
2019-11-22 23:39:42,466|release|Key.backspace
2019-11-22 23:39:44,087|press|Key.enter
2019-11-22 23:39:44,231|release|Key.enter
2019-11-22 23:39:47,439|press|Key.up
2019-11-22 23:39:47,492|release|Key.up
2019-11-22 23:39:48,282|press|Key.right
2019-11-22 23:39:48,783|press|Key.right
2019-11-22 23:39:48,866|press|Key.right
2019-11-22 23:39:48,951|press|Key.right
2019-11-22 23:39:49,035|press|Key.right
2019-11-22 23:39:49,120|press|Key.right
2019-11-22 23:39:49,204|press|Key.right
2019-11-22 23:39:49,288|press|Key.right
2019-11-22 23:39:49,372|press|Key.right
2019-11-22 23:39:49,457|press|Key.right
2019-11-22 23:39:49,541|press|Key.right
2019-11-22 23:39:49,625|press|Key.right
2019-11-22 23:39:49,709|press|Key.right
2019-11-22 23:39:49,794|press|Key.right
2019-11-22 23:39:49,878|press|Key.right
2019-11-22 23:39:49,962|press|Key.right
2019-11-22 23:39:50,046|press|Key.right
2019-11-22 23:39:50,130|press|Key.right
2019-11-22 23:39:50,214|press|Key.right
2019-11-22 23:39:50,299|press|Key.right
2019-11-22 23:39:50,383|press|Key.right
2019-11-22 23:39:50,467|press|Key.right
2019-11-22 23:39:50,551|press|Key.right
2019-11-22 23:39:50,636|press|Key.right
2019-11-22 23:39:50,720|press|Key.right
2019-11-22 23:39:50,804|press|Key.right
2019-11-22 23:39:50,888|press|Key.right
2019-11-22 23:39:50,973|press|Key.right
2019-11-22 23:39:51,057|press|Key.right
2019-11-22 23:39:51,141|press|Key.right
2019-11-22 23:39:51,225|press|Key.right
2019-11-22 23:39:51,310|press|Key.right
2019-11-22 23:39:51,394|press|Key.right
2019-11-22 23:39:51,478|press|Key.right
2019-11-22 23:39:51,562|press|Key.right
2019-11-22 23:39:51,598|release|Key.right
2019-11-22 23:39:51,776|press|Key.right
2019-11-22 23:39:51,936|release|Key.right
2019-11-22 23:39:52,047|press|Key.right
2019-11-22 23:39:52,191|release|Key.right
2019-11-22 23:39:52,376|press|Key.right
2019-11-22 23:39:52,460|release|Key.right
2019-11-22 23:39:55,507|press|Key.space
2019-11-22 23:39:55,647|release|Key.space
2019-11-22 23:39:55,678|press|'-'
2019-11-22 23:39:55,738|release|'-'
2019-11-22 23:39:57,030|press|Key.space
2019-11-22 23:39:57,178|release|Key.space
2019-11-22 23:40:00,077|press|Key.backspace
2019-11-22 23:40:00,169|release|Key.backspace
2019-11-22 23:40:02,700|press|'-'
2019-11-22 23:40:02,808|release|'-'
2019-11-22 23:40:03,497|press|Key.space
2019-11-22 23:40:03,654|release|Key.space
2019-11-22 23:40:04,631|press|Key.left
2019-11-22 23:40:04,812|release|Key.left
2019-11-22 23:40:05,217|press|Key.space
2019-11-22 23:40:05,317|release|Key.space
2019-11-22 23:40:06,703|press|Key.backspace
2019-11-22 23:40:06,864|release|Key.backspace
2019-11-22 23:40:07,131|press|Key.left
2019-11-22 23:40:07,255|release|Key.left
2019-11-22 23:40:07,591|press|Key.space
2019-11-22 23:40:07,728|release|Key.space
2019-11-22 23:40:08,949|press|Key.down
2019-11-22 23:40:09,086|release|Key.down
2019-11-22 23:40:10,247|press|Key.up
2019-11-22 23:40:10,400|release|Key.up
2019-11-22 23:40:10,719|press|Key.right
2019-11-22 23:40:10,824|release|Key.right
2019-11-22 23:40:11,446|press|Key.backspace
2019-11-22 23:40:11,531|release|Key.backspace
2019-11-22 23:40:12,089|press|Key.backspace
2019-11-22 23:40:12,174|release|Key.backspace
2019-11-22 23:40:12,831|press|Key.right
2019-11-22 23:40:12,940|release|Key.right
2019-11-22 23:40:13,109|press|Key.backspace
2019-11-22 23:40:13,241|release|Key.backspace
2019-11-22 23:40:14,166|press|'-'
2019-11-22 23:40:14,302|release|'-'
2019-11-22 23:40:14,603|press|Key.space
2019-11-22 23:40:14,740|release|Key.space
2019-11-22 23:40:15,348|press|Key.down
2019-11-22 23:40:15,477|release|Key.down
2019-11-22 23:40:16,181|press|Key.up
2019-11-22 23:40:16,282|release|Key.up
2019-11-22 23:40:16,502|press|Key.left
2019-11-22 23:40:16,607|release|Key.left
2019-11-22 23:40:17,093|press|Key.left
2019-11-22 23:40:17,194|release|Key.left
2019-11-22 23:40:17,350|press|Key.space
2019-11-22 23:40:17,531|release|Key.space
2019-11-22 23:40:21,523|press|Key.cmd
2019-11-22 23:40:21,658|press|Key.tab
2019-11-22 23:40:21,832|release|Key.cmd
2019-11-22 23:40:21,832|release|Key.tab
2019-11-22 23:40:23,150|press|Key.cmd
2019-11-22 23:40:23,324|press|Key.tab
2019-11-22 23:40:23,378|release|Key.cmd
2019-11-22 23:40:23,453|release|Key.tab
2019-11-22 23:40:24,543|press|'2'
2019-11-22 23:40:24,672|release|'2'
2019-11-22 23:40:24,870|press|Key.space
2019-11-22 23:40:25,034|release|Key.space
2019-11-22 23:40:25,046|press|'д'
2019-11-22 23:40:25,187|release|'д'
2019-11-22 23:40:25,697|press|'н'
2019-11-22 23:40:25,846|release|'н'
2019-11-22 23:40:25,948|press|'я'
2019-11-22 23:40:26,105|release|'я'
2019-11-22 23:40:27,582|press|Key.shift
2019-11-22 23:40:27,738|press|';'
2019-11-22 23:40:27,826|release|Key.shift
2019-11-22 23:40:27,899|release|'8'
2019-11-22 23:40:28,523|press|Key.space
2019-11-22 23:40:28,647|release|Key.space
2019-11-22 23:40:28,898|press|'5'
2019-11-22 23:40:29,027|release|'5'
2019-11-22 23:40:29,088|press|'0'
2019-11-22 23:40:29,213|release|'0'
2019-11-22 23:40:29,668|press|Key.space
2019-11-22 23:40:29,754|release|Key.space
2019-11-22 23:40:30,008|press|'к'
2019-11-22 23:40:30,177|release|'к'
2019-11-22 23:40:30,206|press|'о'
2019-11-22 23:40:30,334|release|'о'
2019-11-22 23:40:30,511|press|'м'
2019-11-22 23:40:30,652|release|'м'
2019-11-22 23:40:30,670|press|'а'
2019-11-22 23:40:30,811|release|'а'
2019-11-22 23:40:30,856|press|'н'
2019-11-22 23:40:30,972|release|'н'
2019-11-22 23:40:31,323|press|'д'
2019-11-22 23:40:31,456|release|'д'
2019-11-22 23:40:32,029|press|Key.shift
2019-11-22 23:40:32,496|press|';'
2019-11-22 23:40:32,584|release|';'
2019-11-22 23:40:32,633|release|Key.shift
2019-11-22 23:40:32,877|press|Key.space
2019-11-22 23:40:33,069|release|Key.space
2019-11-22 23:40:33,463|press|'1'
2019-11-22 23:40:33,635|release|'1'
2019-11-22 23:40:33,761|press|'0'
2019-11-22 23:40:33,842|release|'0'
2019-11-22 23:40:33,936|press|'0'
2019-11-22 23:40:34,033|release|'0'
2019-11-22 23:40:34,150|press|Key.space
2019-11-22 23:40:34,302|release|Key.space
2019-11-22 23:40:34,451|press|'и'
2019-11-22 23:40:34,591|press|'н'
2019-11-22 23:40:34,624|release|'и'
2019-11-22 23:40:34,735|release|'н'
2019-11-22 23:40:34,972|press|'в'
2019-11-22 23:40:35,093|release|'в'
2019-11-22 23:40:35,247|press|'е'
2019-11-22 23:40:35,368|release|'е'
2019-11-22 23:40:35,623|press|'с'
2019-11-22 23:40:35,779|release|'с'
2019-11-22 23:40:36,016|press|'т'
2019-11-22 23:40:36,124|press|'о'
2019-11-22 23:40:36,148|release|'т'
2019-11-22 23:40:36,272|press|'р'
2019-11-22 23:40:36,316|release|'о'
2019-11-22 23:40:36,388|release|'р'
2019-11-22 23:40:36,657|press|'в'
2019-11-22 23:40:36,785|release|'в'
2019-11-22 23:40:39,878|press|Key.shift
2019-11-22 23:40:39,998|press|'.'
2019-11-22 23:40:40,090|release|'.'
2019-11-22 23:40:40,106|release|Key.shift
2019-11-22 23:40:45,664|press|'о'
2019-11-22 23:40:45,768|release|'о'
2019-11-22 23:40:49,800|press|Key.cmd
2019-11-22 23:40:49,904|press|Key.tab
2019-11-22 23:40:50,005|release|Key.cmd
2019-11-22 23:40:50,067|release|Key.tab
2019-11-22 23:40:56,358|press|Key.cmd
2019-11-22 23:40:56,460|press|Key.tab
2019-11-22 23:40:56,576|release|Key.cmd
2019-11-22 23:40:56,635|release|Key.tab
2019-11-22 23:40:57,161|press|Key.shift
2019-11-22 23:40:57,457|press|'М'
2019-11-22 23:40:57,541|release|Key.shift
2019-11-22 23:40:57,637|release|'м'
2019-11-22 23:40:58,822|press|'е'
2019-11-22 23:40:58,966|release|'е'
2019-11-22 23:40:59,110|press|'ж'
2019-11-22 23:40:59,258|press|'д'
2019-11-22 23:40:59,301|release|'ж'
2019-11-22 23:40:59,422|release|'д'
2019-11-22 23:40:59,869|press|'у'
2019-11-22 23:40:59,993|press|'н'
2019-11-22 23:41:00,008|release|'у'
2019-11-22 23:41:00,137|release|'н'
2019-11-22 23:41:00,242|press|'а'
2019-11-22 23:41:00,398|release|'а'
2019-11-22 23:41:00,412|press|'р'
2019-11-22 23:41:00,544|press|'о'
2019-11-22 23:41:00,580|release|'р'
2019-11-22 23:41:00,700|release|'о'
2019-11-22 23:41:01,137|press|'д'
2019-11-22 23:41:01,289|release|'д'
2019-11-22 23:41:01,442|press|'н'
2019-11-22 23:41:01,566|release|'н'
2019-11-22 23:41:01,854|press|'ы'
2019-11-22 23:41:01,962|release|'ы'
2019-11-22 23:41:02,220|press|'й'
2019-11-22 23:41:02,352|release|'й'
2019-11-22 23:41:02,739|press|Key.space
2019-11-22 23:41:02,843|release|Key.space
2019-11-22 23:41:03,175|press|'ф'
2019-11-22 23:41:03,328|release|'ф'
2019-11-22 23:41:03,342|press|'о'
2019-11-22 23:41:03,470|press|'р'
2019-11-22 23:41:03,514|release|'о'
2019-11-22 23:41:03,602|release|'р'
2019-11-22 23:41:04,308|press|'м'
2019-11-22 23:41:04,448|press|'у'
2019-11-22 23:41:04,515|release|'м'
2019-11-22 23:41:04,632|release|'у'
2019-11-22 23:41:05,419|press|Key.space
2019-11-22 23:41:05,572|release|Key.space
2019-11-22 23:41:06,354|press|Key.backspace
2019-11-22 23:41:06,462|release|Key.backspace
2019-11-22 23:41:06,555|press|Key.backspace
2019-11-22 23:41:06,644|release|Key.backspace
2019-11-22 23:41:07,054|press|Key.backspace
2019-11-22 23:41:07,187|release|Key.backspace
2019-11-22 23:41:07,759|press|'у'
2019-11-22 23:41:07,898|press|'м'
2019-11-22 23:41:07,959|release|'у'
2019-11-22 23:41:08,111|release|'м'
2019-11-22 23:41:08,815|press|Key.space
2019-11-22 23:41:08,902|release|Key.space
2019-11-22 23:41:09,441|press|Key.shift
2019-11-22 23:41:09,869|press|'"'
2019-11-22 23:41:09,916|release|'"'
2019-11-22 23:41:09,996|press|'"'
2019-11-22 23:41:10,124|release|'"'
2019-11-22 23:41:10,241|release|Key.shift
2019-11-22 23:41:12,261|press|Key.left
2019-11-22 23:41:12,382|release|Key.left
2019-11-22 23:41:12,987|press|Key.cmd
2019-11-22 23:41:13,063|press|Key.tab
2019-11-22 23:41:13,155|release|Key.cmd
2019-11-22 23:41:13,241|release|Key.tab
2019-11-22 23:41:15,535|press|Key.cmd
2019-11-22 23:41:15,642|press|Key.tab
2019-11-22 23:41:15,707|release|Key.cmd
2019-11-22 23:41:15,792|release|Key.tab
2019-11-22 23:41:16,282|press|Key.shift
2019-11-22 23:41:16,469|press|'И'
2019-11-22 23:41:16,561|press|'Н'
2019-11-22 23:41:16,633|release|'И'
2019-11-22 23:41:16,686|release|Key.shift
2019-11-22 23:41:16,726|release|'н'
2019-11-22 23:41:18,782|press|Key.backspace
2019-11-22 23:41:18,902|release|Key.backspace
2019-11-22 23:41:19,254|press|'н'
2019-11-22 23:41:19,343|release|'н'
2019-11-22 23:41:19,752|press|'ф'
2019-11-22 23:41:19,880|press|'о'
2019-11-22 23:41:19,928|release|'ф'
2019-11-22 23:41:19,996|press|'р'
2019-11-22 23:41:20,060|release|'о'
2019-11-22 23:41:20,121|release|'р'
2019-11-22 23:41:20,318|press|'м'
2019-11-22 23:41:20,438|press|'а'
2019-11-22 23:41:20,468|release|'м'
2019-11-22 23:41:20,571|release|'а'
2019-11-22 23:41:21,566|press|'т'
2019-11-22 23:41:21,686|press|'и'
2019-11-22 23:41:21,746|release|'т'
2019-11-22 23:41:21,819|release|'и'
2019-11-22 23:41:22,104|press|'в'
2019-11-22 23:41:22,233|release|'в'
2019-11-22 23:41:22,262|press|'н'
2019-11-22 23:41:22,403|release|'н'
2019-11-22 23:41:22,655|press|'а'
2019-11-22 23:41:22,740|release|'а'
2019-11-22 23:41:23,880|press|'я'
2019-11-22 23:41:24,041|release|'я'
2019-11-22 23:41:24,076|press|Key.space
2019-11-22 23:41:24,168|release|Key.space
2019-11-22 23:41:25,123|press|'б'
2019-11-22 23:41:25,236|release|'б'
2019-11-22 23:41:25,299|press|'е'
2019-11-22 23:41:25,427|release|'е'
2019-11-22 23:41:25,544|press|'з'
2019-11-22 23:41:25,669|release|'з'
2019-11-22 23:41:26,367|press|'о'
2019-11-22 23:41:26,528|release|'о'
2019-11-22 23:41:26,789|press|'п'
2019-11-22 23:41:26,929|press|'а'
2019-11-22 23:41:26,961|release|'п'
2019-11-22 23:41:27,133|release|'а'
2019-11-22 23:41:27,378|press|'с'
2019-11-22 23:41:27,502|release|'с'
2019-11-22 23:41:27,849|press|'н'
2019-11-22 23:41:27,985|release|'н'
2019-11-22 23:41:28,152|press|'о'
2019-11-22 23:41:28,287|release|'о'
2019-11-22 23:41:28,448|press|'с'
2019-11-22 23:41:28,592|release|'с'
2019-11-22 23:41:28,651|press|'т'
2019-11-22 23:41:28,827|release|'т'
2019-11-22 23:41:30,134|press|'ь'
2019-11-22 23:41:30,246|release|'ь'
2019-11-22 23:41:30,332|press|Key.space
2019-11-22 23:41:30,484|release|Key.space
2019-11-22 23:41:30,983|press|'в'
2019-11-22 23:41:31,123|release|'в'
2019-11-22 23:41:31,149|press|Key.space
2019-11-22 23:41:31,253|release|Key.space
2019-11-22 23:41:31,373|press|'м'
2019-11-22 23:41:31,529|press|'е'
2019-11-22 23:41:31,555|release|'м'
2019-11-22 23:41:31,673|release|'е'
2019-11-22 23:41:31,833|press|'д'
2019-11-22 23:41:32,025|release|'д'
2019-11-22 23:41:32,166|press|'и'
2019-11-22 23:41:32,270|release|'и'
2019-11-22 23:41:32,743|press|'ц'
2019-11-22 23:41:32,869|release|'ц'
2019-11-22 23:41:33,124|press|'и'
2019-11-22 23:41:33,232|press|'н'
2019-11-22 23:41:33,268|release|'и'
2019-11-22 23:41:33,380|release|'н'
2019-11-22 23:41:33,403|press|'е'
2019-11-22 23:41:33,547|release|'е'
2019-11-22 23:41:34,486|press|Key.right
2019-11-22 23:41:34,618|release|Key.right
2019-11-22 23:41:38,087|press|'-'
2019-11-22 23:41:38,305|release|'-'
2019-11-22 23:41:38,385|press|Key.right
2019-11-22 23:41:38,558|release|Key.right
2019-11-22 23:41:39,066|press|Key.down
2019-11-22 23:41:39,214|release|Key.down
2019-11-22 23:41:42,652|press|Key.space
2019-11-22 23:41:42,811|release|Key.space
2019-11-22 23:41:43,942|press|Key.space
2019-11-22 23:41:44,058|release|Key.space
2019-11-22 23:41:47,169|press|Key.space
2019-11-22 23:41:47,305|release|Key.space
2019-11-22 23:41:49,471|press|Key.cmd
2019-11-22 23:41:49,575|press|Key.tab
2019-11-22 23:41:49,664|release|Key.cmd
2019-11-22 23:41:49,747|release|Key.tab
2019-11-22 23:41:52,263|press|Key.cmd
2019-11-22 23:41:52,394|press|Key.tab
2019-11-22 23:41:52,475|release|Key.cmd
2019-11-22 23:41:52,554|release|Key.tab
2019-11-22 23:41:54,431|press|'4'
2019-11-22 23:41:54,600|release|'4'
2019-11-22 23:41:54,624|press|'7'
2019-11-22 23:41:54,789|release|'7'
2019-11-22 23:41:55,314|press|Key.space
2019-11-22 23:41:55,447|release|Key.space
2019-11-22 23:41:55,571|press|'с'
2019-11-22 23:41:55,712|release|'с'
2019-11-22 23:41:55,756|press|'т'
2019-11-22 23:41:55,897|release|'т'
2019-11-22 23:41:56,255|press|'р'
2019-11-22 23:41:56,392|release|'р'
2019-11-22 23:41:56,441|press|'а'
2019-11-22 23:41:56,589|press|'н'
2019-11-22 23:41:56,605|release|'а'
2019-11-22 23:41:56,738|release|'н'
2019-11-22 23:41:57,885|press|Key.shift
2019-11-22 23:41:59,333|press|','
2019-11-22 23:41:59,417|release|','
2019-11-22 23:41:59,766|release|Key.shift
2019-11-22 23:42:00,424|press|Key.space
2019-11-22 23:42:00,530|release|Key.space
2019-11-22 23:42:00,586|press|'в'
2019-11-22 23:42:00,775|release|'в'
2019-11-22 23:42:00,804|press|'к'
2019-11-22 23:42:01,005|release|'к'
2019-11-22 23:42:01,464|press|'л'
2019-11-22 23:42:01,581|release|'л'
2019-11-22 23:42:01,807|press|'ю'
2019-11-22 23:42:01,988|release|'ю'
2019-11-22 23:42:02,269|press|'ч'
2019-11-22 23:42:02,413|press|'а'
2019-11-22 23:42:02,445|release|'ч'
2019-11-22 23:42:02,577|release|'а'
2019-11-22 23:42:02,784|press|'я'
2019-11-22 23:42:02,949|release|'я'
2019-11-22 23:42:03,026|press|Key.space
2019-11-22 23:42:03,123|release|Key.space
2019-11-22 23:42:03,435|press|Key.shift
2019-11-22 23:42:03,631|press|'Р'
2019-11-22 23:42:03,775|press|'О'
2019-11-22 23:42:03,788|release|'Р'
2019-11-22 23:42:03,832|release|Key.shift
2019-11-22 23:42:03,864|release|'о'
2019-11-22 23:42:05,069|press|Key.backspace
2019-11-22 23:42:05,164|release|Key.backspace
2019-11-22 23:42:05,635|press|'о'
2019-11-22 23:42:05,772|release|'о'
2019-11-22 23:42:06,324|press|'с'
2019-11-22 23:42:06,421|release|'с'
2019-11-22 23:42:06,530|press|'с'
2019-11-22 23:42:06,647|release|'с'
2019-11-22 23:42:06,738|press|'и'
2019-11-22 23:42:06,863|release|'и'
2019-11-22 23:42:07,345|press|'ю'
2019-11-22 23:42:07,481|release|'ю'
2019-11-22 23:42:09,189|press|Key.shift
2019-11-22 23:42:09,933|press|','
2019-11-22 23:42:09,972|release|','
2019-11-22 23:42:10,081|release|Key.shift
2019-11-22 23:42:10,788|press|Key.space
2019-11-22 23:42:10,924|release|Key.space
2019-11-22 23:42:11,178|press|Key.cmd
2019-11-22 23:42:11,270|press|Key.tab
2019-11-22 23:42:11,359|release|Key.cmd
2019-11-22 23:42:11,425|release|Key.tab
2019-11-22 23:42:13,479|press|Key.cmd
2019-11-22 23:42:13,615|press|Key.tab
2019-11-22 23:42:13,736|release|Key.cmd
2019-11-22 23:42:13,810|release|Key.tab
2019-11-22 23:42:14,202|press|Key.shift
2019-11-22 23:42:14,789|press|'С'
2019-11-22 23:42:14,965|release|'С'
2019-11-22 23:42:15,234|press|'Ш'
2019-11-22 23:42:15,410|release|'Ш'
2019-11-22 23:42:15,820|press|'А'
2019-11-22 23:42:16,082|release|'А'
2019-11-22 23:42:16,795|press|','
2019-11-22 23:42:16,982|release|','
2019-11-22 23:42:17,386|release|Key.shift
2019-11-22 23:42:17,503|press|Key.space
2019-11-22 23:42:17,635|release|Key.space
2019-11-22 23:42:17,843|press|Key.shift
2019-11-22 23:42:18,267|press|'К'
2019-11-22 23:42:18,383|release|'К'
2019-11-22 23:42:18,899|release|Key.shift
2019-11-22 23:42:19,278|press|'и'
2019-11-22 23:42:19,386|press|'т'
2019-11-22 23:42:19,438|release|'и'
2019-11-22 23:42:19,590|release|'т'
2019-11-22 23:42:19,635|press|'а'
2019-11-22 23:42:19,763|release|'а'
2019-11-22 23:42:20,457|press|'й'
2019-11-22 23:42:20,633|release|'й'
2019-11-22 23:42:20,847|press|Key.shift
2019-11-22 23:42:21,232|release|Key.shift
2019-11-22 23:42:21,567|press|Key.space
2019-11-22 23:42:21,679|release|Key.space
2019-11-22 23:42:21,781|press|'и'
2019-11-22 23:42:21,893|release|'и'
2019-11-22 23:42:21,958|press|Key.shift
2019-11-22 23:42:23,583|release|Key.shift
2019-11-22 23:42:23,846|press|Key.space
2019-11-22 23:42:23,938|release|Key.space
2019-11-22 23:42:24,148|press|Key.shift
2019-11-22 23:42:24,804|press|'И'
2019-11-22 23:42:24,912|press|'Н'
2019-11-22 23:42:24,944|release|'И'
2019-11-22 23:42:25,032|release|'Н'
2019-11-22 23:42:25,097|release|Key.shift
2019-11-22 23:42:25,829|press|Key.backspace
2019-11-22 23:42:26,021|release|Key.backspace
2019-11-22 23:42:26,167|press|'г'
2019-11-22 23:42:26,335|release|'г'
2019-11-22 23:42:27,621|press|Key.backspace
2019-11-22 23:42:27,801|release|Key.backspace
2019-11-22 23:42:28,302|press|'н'
2019-11-22 23:42:28,474|release|'н'
2019-11-22 23:42:28,550|press|'д'
2019-11-22 23:42:28,730|release|'д'
2019-11-22 23:42:28,813|press|'и'
2019-11-22 23:42:28,957|release|'и'
2019-11-22 23:42:29,078|press|'ю'
2019-11-22 23:42:29,206|release|'ю'
2019-11-22 23:42:31,074|press|Key.shift
2019-11-22 23:42:31,510|press|','
2019-11-22 23:42:31,586|release|','
2019-11-22 23:42:31,806|release|Key.shift
2019-11-22 23:42:32,351|press|Key.backspace
2019-11-22 23:42:32,471|release|Key.backspace
2019-11-22 23:42:33,395|press|Key.shift
2019-11-22 23:42:33,666|press|'.'
2019-11-22 23:42:33,754|release|'.'
2019-11-22 23:42:33,858|release|Key.shift
2019-11-22 23:42:36,987|press|Key.enter
2019-11-22 23:42:37,135|release|Key.enter
2019-11-22 23:42:38,203|press|Key.backspace
2019-11-22 23:42:38,359|release|Key.backspace
2019-11-22 23:42:39,525|press|Key.enter
2019-11-22 23:42:39,686|release|Key.enter
2019-11-22 23:42:40,096|press|Key.enter
2019-11-22 23:42:40,280|release|Key.enter
2019-11-22 23:42:41,401|press|Key.cmd
2019-11-22 23:42:41,553|press|Key.tab
2019-11-22 23:42:41,704|release|Key.tab
2019-11-22 23:42:41,753|release|Key.cmd
2019-11-22 23:42:42,005|release|<0>
2019-11-22 23:42:49,468|press|Key.cmd
2019-11-22 23:42:49,555|press|Key.tab
2019-11-22 23:42:49,923|release|Key.tab
2019-11-22 23:42:56,364|release|Key.cmd
2019-11-22 23:42:56,618|release|<0>
2019-11-22 23:43:17,405|press|Key.cmd
2019-11-22 23:43:17,542|press|Key.tab
2019-11-22 23:43:17,767|release|Key.tab
2019-11-22 23:43:17,791|release|Key.cmd
2019-11-22 23:43:18,045|release|<0>
2019-11-22 23:43:18,512|press|Key.cmd
2019-11-22 23:43:18,612|press|Key.tab
2019-11-22 23:43:18,764|release|Key.tab
2019-11-22 23:43:19,112|press|Key.tab
2019-11-22 23:43:19,260|release|Key.tab
2019-11-22 23:43:19,392|release|Key.cmd
2019-11-22 23:43:19,646|release|<0>
2019-11-22 23:43:20,514|press|Key.cmd
2019-11-22 23:43:20,686|press|Key.tab
2019-11-22 23:43:20,903|release|Key.tab
2019-11-22 23:43:22,006|release|<0>
2019-11-22 23:43:22,330|release|Key.cmd
2019-11-22 23:43:25,789|press|Key.shift
2019-11-22 23:43:26,169|press|'М'
2019-11-22 23:43:26,198|release|Key.shift
2019-11-22 23:43:26,401|release|'м'
2019-11-22 23:43:27,175|press|'е'
2019-11-22 23:43:27,306|press|'р'
2019-11-22 23:43:27,313|release|'е'
2019-11-22 23:43:27,382|press|'о'
2019-11-22 23:43:27,426|release|'р'
2019-11-22 23:43:27,554|release|'о'
2019-11-22 23:43:27,565|press|'п'
2019-11-22 23:43:27,698|release|'п'
2019-11-22 23:43:27,746|press|'р'
2019-11-22 23:43:27,869|press|'и'
2019-11-22 23:43:27,934|release|'р'
2019-11-22 23:43:27,994|release|'и'
2019-11-22 23:43:28,342|press|'я'
2019-11-22 23:43:28,486|release|'я'
2019-11-22 23:43:28,845|press|'т'
2019-11-22 23:43:28,945|press|'и'
2019-11-22 23:43:29,017|release|'т'
2019-11-22 23:43:29,069|release|'и'
2019-11-22 23:43:29,257|press|'я'
2019-11-22 23:43:29,339|press|Key.space
2019-11-22 23:43:29,397|release|'я'
2019-11-22 23:43:29,589|release|Key.space
2019-11-22 23:43:30,615|press|'з'
2019-11-22 23:43:30,771|release|'з'
2019-11-22 23:43:30,906|press|'а'
2019-11-22 23:43:31,006|release|'а'
2019-11-22 23:43:31,036|press|Key.space
2019-11-22 23:43:31,148|release|Key.space
2019-11-22 23:43:31,679|press|'2'
2019-11-22 23:43:31,875|release|'2'
2019-11-22 23:43:31,901|press|'0'
2019-11-22 23:43:32,033|press|'1'
2019-11-22 23:43:32,040|release|'0'
2019-11-22 23:43:32,217|release|'1'
2019-11-22 23:43:32,461|press|'8'
2019-11-22 23:43:32,577|release|'8'
2019-11-22 23:43:34,729|press|Key.shift
2019-11-22 23:43:34,865|press|':'
2019-11-22 23:43:34,957|release|':'
2019-11-22 23:43:35,077|release|Key.shift
2019-11-22 23:43:35,871|press|Key.enter
2019-11-22 23:43:35,995|release|Key.enter
2019-11-22 23:43:42,420|press|Key.cmd
2019-11-22 23:43:42,539|press|Key.tab
2019-11-22 23:43:42,754|release|Key.tab
2019-11-22 23:43:42,755|release|Key.cmd
2019-11-22 23:43:43,009|release|<0>
2019-11-22 23:43:43,913|press|Key.cmd
2019-11-22 23:43:44,012|press|Key.tab
2019-11-22 23:43:44,192|release|Key.tab
2019-11-22 23:43:44,809|press|Key.tab
2019-11-22 23:43:44,960|release|Key.tab
2019-11-22 23:43:45,053|release|Key.cmd
2019-11-22 23:43:45,307|release|<0>
2019-11-22 23:43:48,161|press|Key.cmd
2019-11-22 23:43:48,284|press|Key.tab
2019-11-22 23:43:48,409|release|Key.cmd
2019-11-22 23:43:48,476|release|Key.tab
2019-11-22 23:43:49,389|press|Key.cmd
2019-11-22 23:43:49,561|press|Key.tab
2019-11-22 23:43:49,717|release|Key.tab
2019-11-22 23:43:50,328|press|Key.tab
2019-11-22 23:43:50,520|release|Key.tab
2019-11-22 23:43:53,778|release|<0>
2019-11-22 23:43:53,985|release|Key.cmd
2019-11-22 23:43:54,658|press|Key.shift
2019-11-22 23:43:55,281|press|'Е'
2019-11-22 23:43:55,533|release|'Е'
2019-11-22 23:43:55,542|release|Key.shift
2019-11-22 23:43:55,790|press|'ж'
2019-11-22 23:43:55,963|press|'е'
2019-11-22 23:43:55,964|release|'ж'
2019-11-22 23:43:56,120|release|'е'
2019-11-22 23:43:56,270|press|'г'
2019-11-22 23:43:56,406|release|'г'
2019-11-22 23:43:56,465|press|'о'
2019-11-22 23:43:56,582|release|'о'
2019-11-22 23:43:56,921|press|'д'
2019-11-22 23:43:57,085|release|'д'
2019-11-22 23:43:57,393|press|'н'
2019-11-22 23:43:57,558|release|'н'
2019-11-22 23:43:57,756|press|'ы'
2019-11-22 23:43:57,973|press|'й'
2019-11-22 23:43:57,973|release|'ы'
2019-11-22 23:43:58,145|release|'й'
2019-11-22 23:43:58,230|press|Key.space
2019-11-22 23:43:58,326|release|Key.space
2019-11-22 23:43:58,390|press|'м'
2019-11-22 23:43:58,534|press|'е'
2019-11-22 23:43:58,570|release|'м'
2019-11-22 23:43:58,698|release|'е'
2019-11-22 23:43:58,972|press|'ж'
2019-11-22 23:43:59,096|press|'д'
2019-11-22 23:43:59,111|release|'ж'
2019-11-22 23:43:59,293|release|'д'
2019-11-22 23:43:59,901|press|'у'
2019-11-22 23:44:00,010|press|'н'
2019-11-22 23:44:00,041|release|'у'
2019-11-22 23:44:00,218|release|'н'
2019-11-22 23:44:00,605|press|'а'
2019-11-22 23:44:00,737|release|'а'
2019-11-22 23:44:00,741|press|'р'
2019-11-22 23:44:00,825|press|'о'
2019-11-22 23:44:00,869|release|'р'
2019-11-22 23:44:00,969|release|'о'
2019-11-22 23:44:01,345|press|'д'
2019-11-22 23:44:01,481|release|'д'
2019-11-22 23:44:01,656|press|'н'
2019-11-22 23:44:01,781|release|'н'
2019-11-22 23:44:02,292|press|'ы'
2019-11-22 23:44:02,468|press|'й'
2019-11-22 23:44:02,520|release|'ы'
2019-11-22 23:44:02,688|release|'й'
2019-11-22 23:44:02,702|press|Key.space
2019-11-22 23:44:02,787|release|Key.space
2019-11-22 23:44:03,069|press|'к'
2019-11-22 23:44:03,169|press|'о'
2019-11-22 23:44:03,209|release|'к'
2019-11-22 23:44:03,269|release|'о'
2019-11-22 23:44:03,338|press|'н'
2019-11-22 23:44:03,494|release|'н'
2019-11-22 23:44:03,748|press|'к'
2019-11-22 23:44:03,876|press|'у'
2019-11-22 23:44:03,920|release|'к'
2019-11-22 23:44:04,016|release|'у'
2019-11-22 23:44:04,036|press|'р'
2019-11-22 23:44:04,160|release|'р'
2019-11-22 23:44:04,324|press|'с'
2019-11-22 23:44:04,472|release|'с'
2019-11-22 23:44:04,502|press|Key.space
2019-11-22 23:44:04,610|release|Key.space
2019-11-22 23:44:05,824|press|Key.shift
2019-11-22 23:44:06,304|press|'"'
2019-11-22 23:44:06,400|release|'"'
2019-11-22 23:44:06,440|press|'"'
2019-11-22 23:44:06,532|release|'"'
2019-11-22 23:44:06,657|release|Key.shift
2019-11-22 23:44:07,229|press|Key.left
2019-11-22 23:44:07,405|release|Key.left
2019-11-22 23:44:07,519|press|Key.shift
2019-11-22 23:44:07,799|press|'Ю'
2019-11-22 23:44:07,927|release|'Ю'
2019-11-22 23:44:08,048|release|Key.shift
2019-11-22 23:44:08,477|press|'н'
2019-11-22 23:44:08,585|release|'н'
2019-11-22 23:44:08,670|press|'н'
2019-11-22 23:44:08,770|release|'н'
2019-11-22 23:44:08,848|press|'ы'
2019-11-22 23:44:08,972|press|'й'
2019-11-22 23:44:09,044|release|'ы'
2019-11-22 23:44:09,096|press|Key.space
2019-11-22 23:44:09,180|release|'й'
2019-11-22 23:44:09,204|release|Key.space
2019-11-22 23:44:10,674|press|Key.left
2019-11-22 23:44:10,803|release|Key.left
2019-11-22 23:44:11,054|press|Key.left
2019-11-22 23:44:11,190|release|Key.left
2019-11-22 23:44:11,477|press|Key.left
2019-11-22 23:44:11,577|release|Key.left
2019-11-22 23:44:11,944|press|Key.backspace
2019-11-22 23:44:12,056|release|Key.backspace
2019-11-22 23:44:12,375|press|Key.right
2019-11-22 23:44:12,503|release|Key.right
2019-11-22 23:44:12,605|press|Key.right
2019-11-22 23:44:12,721|release|Key.right
2019-11-22 23:44:12,930|press|Key.space
2019-11-22 23:44:13,082|release|Key.space
2019-11-22 23:44:13,877|press|'г'
2019-11-22 23:44:14,045|press|'е'
2019-11-22 23:44:14,077|release|'г'
2019-11-22 23:44:14,181|release|'е'
2019-11-22 23:44:14,257|press|'н'
2019-11-22 23:44:14,353|release|'н'
2019-11-22 23:44:15,629|press|'и'
2019-11-22 23:44:15,769|release|'и'
2019-11-22 23:44:15,770|press|'й'
2019-11-22 23:44:15,917|release|'й'
2019-11-22 23:44:17,037|press|Key.right
2019-11-22 23:44:17,217|release|Key.right
2019-11-22 23:44:18,610|press|Key.backspace
2019-11-22 23:44:18,682|release|Key.backspace
2019-11-22 23:44:18,880|press|Key.right
2019-11-22 23:44:19,040|release|Key.right
2019-11-22 23:44:19,936|press|Key.cmd
2019-11-22 23:44:20,076|press|Key.tab
2019-11-22 23:44:20,148|release|Key.cmd
2019-11-22 23:44:20,240|release|Key.tab
2019-11-22 23:44:20,762|press|Key.cmd
2019-11-22 23:44:20,866|press|Key.tab
2019-11-22 23:44:20,951|release|Key.cmd
2019-11-22 23:44:21,030|release|Key.tab
2019-11-22 23:44:22,175|press|Key.cmd
2019-11-22 23:44:22,259|press|Key.tab
2019-11-22 23:44:22,359|release|Key.cmd
2019-11-22 23:44:22,434|release|Key.tab
2019-11-22 23:44:22,779|press|Key.cmd
2019-11-22 23:44:22,871|press|Key.tab
2019-11-22 23:44:23,075|release|Key.tab
2019-11-22 23:44:23,539|press|Key.tab
2019-11-22 23:44:23,667|release|Key.tab
2019-11-22 23:44:23,775|release|Key.cmd
2019-11-22 23:44:24,028|release|<0>
2019-11-22 23:44:25,983|press|Key.cmd
2019-11-22 23:44:26,217|press|Key.tab
2019-11-22 23:44:26,351|release|Key.tab
2019-11-22 23:44:26,991|press|Key.tab
2019-11-22 23:44:27,127|release|Key.tab
2019-11-22 23:44:27,279|release|Key.cmd
2019-11-22 23:44:27,533|release|<0>
2019-11-22 23:44:28,488|press|Key.right
2019-11-22 23:44:28,656|release|Key.right
2019-11-22 23:44:29,062|press|'п'
2019-11-22 23:44:29,174|press|'р'
2019-11-22 23:44:29,210|release|'п'
2019-11-22 23:44:29,270|press|'и'
2019-11-22 23:44:29,354|release|'р'
2019-11-22 23:44:29,406|release|'и'
2019-11-22 23:44:29,541|press|Key.space
2019-11-22 23:44:29,646|release|Key.space
2019-11-22 23:44:29,744|press|'п'
2019-11-22 23:44:29,876|release|'п'
2019-11-22 23:44:32,463|press|Key.backspace
2019-11-22 23:44:32,619|release|Key.backspace
2019-11-22 23:44:32,829|press|Key.backspace
2019-11-22 23:44:32,898|release|Key.backspace
2019-11-22 23:44:33,015|press|Key.backspace
2019-11-22 23:44:33,127|release|Key.backspace
2019-11-22 23:44:33,334|press|Key.backspace
2019-11-22 23:44:33,422|release|Key.backspace
2019-11-22 23:44:33,699|press|Key.backspace
2019-11-22 23:44:33,855|release|Key.backspace
2019-11-22 23:44:34,049|press|Key.backspace
2019-11-22 23:44:34,178|release|Key.backspace
2019-11-22 23:44:38,285|press|Key.enter
2019-11-22 23:44:38,435|release|Key.enter
2019-11-22 23:44:43,617|press|Key.space
2019-11-22 23:44:43,744|release|Key.space
2019-11-22 23:44:43,966|press|'п'
2019-11-22 23:44:44,074|press|'о'
2019-11-22 23:44:44,122|release|'п'
2019-11-22 23:44:44,219|release|'о'
2019-11-22 23:44:44,746|press|'д'
2019-11-22 23:44:45,011|release|'д'
2019-11-22 23:44:45,128|press|'д'
2019-11-22 23:44:45,221|release|'д'
2019-11-22 23:44:45,740|press|'е'
2019-11-22 23:44:45,933|release|'е'
2019-11-22 23:44:46,183|press|'р'
2019-11-22 23:44:46,264|release|'р'
2019-11-22 23:44:46,756|press|'ж'
2019-11-22 23:44:46,921|release|'ж'
2019-11-22 23:44:47,181|press|'к'
2019-11-22 23:44:47,309|press|'е'
2019-11-22 23:44:47,397|release|'к'
2019-11-22 23:44:47,470|release|'е'
2019-11-22 23:44:47,530|press|Key.space
2019-11-22 23:44:47,654|release|Key.space
2019-11-22 23:44:48,473|press|Key.shift
2019-11-22 23:44:49,046|press|'О'
2019-11-22 23:44:49,173|release|'О'
2019-11-22 23:44:49,420|press|'О'
2019-11-22 23:44:49,545|release|'О'
2019-11-22 23:44:49,773|press|'Н'
2019-11-22 23:44:49,945|release|'Н'
2019-11-22 23:44:50,042|release|Key.shift
2019-11-22 23:44:53,830|press|Key.backspace
2019-11-22 23:44:54,002|release|Key.backspace
2019-11-22 23:44:54,752|press|Key.shift
2019-11-22 23:44:55,044|press|Key.left
2019-11-22 23:44:55,545|press|Key.left
2019-11-22 23:44:55,630|press|Key.left
2019-11-22 23:44:55,714|press|Key.left
2019-11-22 23:44:55,798|press|Key.left
2019-11-22 23:44:55,882|press|Key.left
2019-11-22 23:44:55,967|press|Key.left
2019-11-22 23:44:56,050|press|Key.left
2019-11-22 23:44:56,136|press|Key.left
2019-11-22 23:44:56,218|press|Key.left
2019-11-22 23:44:56,302|press|Key.left
2019-11-22 23:44:56,386|press|Key.left
2019-11-22 23:44:56,470|press|Key.left
2019-11-22 23:44:56,555|press|Key.left
2019-11-22 23:44:56,639|press|Key.left
2019-11-22 23:44:56,723|press|Key.left
2019-11-22 23:44:56,807|press|Key.left
2019-11-22 23:44:56,892|press|Key.left
2019-11-22 23:44:56,976|press|Key.left
2019-11-22 23:44:57,059|press|Key.left
2019-11-22 23:44:57,143|press|Key.left
2019-11-22 23:44:57,228|press|Key.left
2019-11-22 23:44:57,312|press|Key.left
2019-11-22 23:44:57,396|press|Key.left
2019-11-22 23:44:57,480|press|Key.left
2019-11-22 23:44:57,565|press|Key.left
2019-11-22 23:44:57,649|press|Key.left
2019-11-22 23:44:57,733|press|Key.left
2019-11-22 23:44:57,817|press|Key.left
2019-11-22 23:44:57,902|press|Key.left
2019-11-22 23:44:57,986|press|Key.left
2019-11-22 23:44:58,069|press|Key.left
2019-11-22 23:44:58,153|press|Key.left
2019-11-22 23:44:58,238|press|Key.left
2019-11-22 23:44:58,321|press|Key.left
2019-11-22 23:44:58,405|press|Key.left
2019-11-22 23:44:58,489|press|Key.left
2019-11-22 23:44:58,574|press|Key.left
2019-11-22 23:44:58,658|press|Key.left
2019-11-22 23:44:58,742|press|Key.left
2019-11-22 23:44:58,826|press|Key.left
2019-11-22 23:44:58,909|press|Key.left
2019-11-22 23:44:58,994|press|Key.left
2019-11-22 23:44:59,078|press|Key.left
2019-11-22 23:44:59,162|press|Key.left
2019-11-22 23:44:59,246|press|Key.left
2019-11-22 23:44:59,331|press|Key.left
2019-11-22 23:44:59,415|press|Key.left
2019-11-22 23:44:59,499|press|Key.left
2019-11-22 23:44:59,584|press|Key.left
2019-11-22 23:44:59,668|press|Key.left
2019-11-22 23:44:59,681|release|Key.left
2019-11-22 23:45:00,708|press|Key.right
2019-11-22 23:45:00,844|release|Key.right
2019-11-22 23:45:01,200|press|Key.right
2019-11-22 23:45:01,301|release|Key.right
2019-11-22 23:45:01,492|press|Key.right
2019-11-22 23:45:01,578|release|Key.right
2019-11-22 23:45:02,216|press|Key.backspace
2019-11-22 23:45:02,236|release|Key.shift
2019-11-22 23:45:02,296|release|Key.backspace
2019-11-22 23:45:02,802|press|Key.backspace
2019-11-22 23:45:02,907|release|Key.backspace
2019-11-22 23:45:05,153|press|Key.space
2019-11-22 23:45:05,298|release|Key.space
2019-11-22 23:45:05,652|press|'-'
2019-11-22 23:45:05,757|release|'-'
2019-11-22 23:45:06,115|press|Key.space
2019-11-22 23:45:06,283|release|Key.space
2019-11-22 23:45:07,613|press|Key.cmd
2019-11-22 23:45:07,732|press|Key.tab
2019-11-22 23:45:07,869|release|Key.cmd
2019-11-22 23:45:07,918|release|Key.tab
2019-11-22 23:45:12,000|press|Key.cmd
2019-11-22 23:45:12,121|press|Key.tab
2019-11-22 23:45:12,226|release|Key.cmd
2019-11-22 23:45:12,291|release|Key.tab
2019-11-22 23:45:13,343|press|'4'
2019-11-22 23:45:13,487|release|'4'
2019-11-22 23:45:13,833|press|Key.space
2019-11-22 23:45:14,002|release|Key.space
2019-11-22 23:45:14,179|press|'д'
2019-11-22 23:45:14,324|release|'д'
2019-11-22 23:45:14,558|press|'н'
2019-11-22 23:45:14,719|release|'н'
2019-11-22 23:45:14,846|press|'я'
2019-11-22 23:45:14,995|release|'я'
2019-11-22 23:45:17,196|press|Key.shift
2019-11-22 23:45:17,431|press|';'
2019-11-22 23:45:17,451|release|Key.shift
2019-11-22 23:45:17,484|release|'8'
2019-11-22 23:45:17,923|press|Key.space
2019-11-22 23:45:18,064|release|Key.space
2019-11-22 23:45:19,435|press|'с'
2019-11-22 23:45:19,590|release|'с'
2019-11-22 23:45:19,594|press|'а'
2019-11-22 23:45:19,722|press|'м'
2019-11-22 23:45:19,746|release|'а'
2019-11-22 23:45:19,847|release|'м'
2019-11-22 23:45:19,869|press|'а'
2019-11-22 23:45:20,002|release|'а'
2019-11-22 23:45:20,256|press|'я'
2019-11-22 23:45:20,405|release|'я'
2019-11-22 23:45:20,470|press|Key.space
2019-11-22 23:45:20,602|release|Key.space
2019-11-22 23:45:20,764|press|Key.cmd
2019-11-22 23:45:20,835|press|Key.tab
2019-11-22 23:45:20,924|release|Key.cmd
2019-11-22 23:45:20,991|release|Key.tab
2019-11-22 23:45:23,173|press|Key.cmd
2019-11-22 23:45:23,296|press|Key.tab
2019-11-22 23:45:23,381|release|Key.cmd
2019-11-22 23:45:23,476|release|Key.tab
2019-11-22 23:45:24,444|press|'к'
2019-11-22 23:45:24,593|release|'к'
2019-11-22 23:45:24,629|press|'р'
2019-11-22 23:45:24,754|release|'р'
2019-11-22 23:45:26,312|press|'у'
2019-11-22 23:45:26,470|release|'у'
2019-11-22 23:45:26,605|press|'п'
2019-11-22 23:45:26,757|press|'н'
2019-11-22 23:45:26,794|release|'п'
2019-11-22 23:45:26,949|release|'н'
2019-11-22 23:45:27,331|press|'а'
2019-11-22 23:45:27,447|release|'а'
2019-11-22 23:45:27,574|press|'я'
2019-11-22 23:45:27,754|release|'я'
2019-11-22 23:45:27,813|press|Key.space
2019-11-22 23:45:27,909|release|Key.space
2019-11-22 23:45:28,141|press|'п'
2019-11-22 23:45:28,278|release|'п'
2019-11-22 23:45:28,334|press|'л'
2019-11-22 23:45:28,442|press|'о'
2019-11-22 23:45:28,498|release|'л'
2019-11-22 23:45:28,554|release|'о'
2019-11-22 23:45:29,127|press|'щ'
2019-11-22 23:45:29,259|release|'щ'
2019-11-22 23:45:29,686|press|'а'
2019-11-22 23:45:29,839|release|'а'
2019-11-22 23:45:29,865|press|'д'
2019-11-22 23:45:30,001|release|'д'
2019-11-22 23:45:30,013|press|'к'
2019-11-22 23:45:30,141|press|'а'
2019-11-22 23:45:30,189|release|'к'
2019-11-22 23:45:30,285|release|'а'
2019-11-22 23:45:30,297|press|Key.space
2019-11-22 23:45:30,421|release|Key.space
2019-11-22 23:45:30,885|press|'з'
2019-11-22 23:45:31,001|release|'з'
2019-11-22 23:45:31,004|press|'а'
2019-11-22 23:45:31,129|release|'а'
2019-11-22 23:45:31,163|press|Key.space
2019-11-22 23:45:31,295|release|Key.space
2019-11-22 23:45:31,434|press|'в'
2019-11-22 23:45:31,578|press|'с'
2019-11-22 23:45:31,622|release|'в'
2019-11-22 23:45:31,702|release|'с'
2019-11-22 23:45:32,100|press|'ю'
2019-11-22 23:45:32,236|release|'ю'
2019-11-22 23:45:32,250|press|Key.space
2019-11-22 23:45:32,386|release|Key.space
2019-11-22 23:45:32,504|press|'и'
2019-11-22 23:45:32,616|release|'и'
2019-11-22 23:45:32,633|press|'с'
2019-11-22 23:45:32,757|release|'с'
2019-11-22 23:45:32,784|press|'т'
2019-11-22 23:45:32,852|press|'о'
2019-11-22 23:45:32,884|release|'т'
2019-11-22 23:45:33,009|release|'о'
2019-11-22 23:45:33,209|press|'и'
2019-11-22 23:45:33,299|release|'и'
2019-11-22 23:45:35,297|press|Key.backspace
2019-11-22 23:45:35,432|release|Key.backspace
2019-11-22 23:45:35,706|press|'р'
2019-11-22 23:45:35,806|press|'и'
2019-11-22 23:45:35,870|release|'р'
2019-11-22 23:45:35,930|release|'и'
2019-11-22 23:45:36,460|press|'ю'
2019-11-22 23:45:36,592|release|'ю'
2019-11-22 23:45:36,604|press|Key.space
2019-11-22 23:45:36,712|release|Key.space
2019-11-22 23:45:37,449|press|'к'
2019-11-22 23:45:37,609|release|'к'
2019-11-22 23:45:37,633|press|'о'
2019-11-22 23:45:37,745|release|'о'
2019-11-22 23:45:38,745|press|Key.backspace
2019-11-22 23:45:38,809|release|Key.backspace
2019-11-22 23:45:38,917|press|Key.backspace
2019-11-22 23:45:38,993|release|Key.backspace
2019-11-22 23:45:39,258|press|'п'
2019-11-22 23:45:39,370|press|'р'
2019-11-22 23:45:39,396|release|'п'
2019-11-22 23:45:39,426|press|'о'
2019-11-22 23:45:39,474|release|'р'
2019-11-22 23:45:39,566|release|'о'
2019-11-22 23:45:40,050|press|'в'
2019-11-22 23:45:40,198|release|'в'
2019-11-22 23:45:40,302|press|'е'
2019-11-22 23:45:40,458|release|'е'
2019-11-22 23:45:40,502|press|'л'
2019-11-22 23:45:40,598|press|'е'
2019-11-22 23:45:40,646|release|'л'
2019-11-22 23:45:40,730|release|'е'
2019-11-22 23:45:40,855|press|'н'
2019-11-22 23:45:40,959|press|'и'
2019-11-22 23:45:41,019|release|'н'
2019-11-22 23:45:41,099|release|'и'
2019-11-22 23:45:41,353|press|Key.space
2019-11-22 23:45:41,445|release|Key.space
2019-11-22 23:45:41,550|press|'к'
2019-11-22 23:45:41,714|release|'к'
2019-11-22 23:45:43,320|press|'о'
2019-11-22 23:45:43,464|release|'о'
2019-11-22 23:45:44,331|press|'н'
2019-11-22 23:45:44,455|release|'н'
2019-11-22 23:45:44,575|press|'к'
2019-11-22 23:45:44,707|press|'у'
2019-11-22 23:45:44,763|release|'к'
2019-11-22 23:45:44,851|release|'у'
2019-11-22 23:45:44,870|press|'р'
2019-11-22 23:45:45,006|release|'р'
2019-11-22 23:45:45,079|press|'с'
2019-11-22 23:45:45,235|release|'с'
2019-11-22 23:45:45,267|press|'а'
2019-11-22 23:45:45,447|release|'а'
2019-11-22 23:45:48,939|press|Key.backspace
2019-11-22 23:45:49,127|release|Key.backspace
2019-11-22 23:45:49,207|press|'д'
2019-11-22 23:45:49,351|release|'д'
2019-11-22 23:45:49,737|press|Key.right
2019-11-22 23:45:49,859|release|Key.right
2019-11-22 23:45:49,975|press|Key.right
2019-11-22 23:45:50,071|release|Key.right
2019-11-22 23:45:50,182|press|Key.right
2019-11-22 23:45:50,319|release|Key.right
2019-11-22 23:45:50,817|press|'я'
2019-11-22 23:45:50,941|release|'я'
2019-11-22 23:45:54,167|press|Key.shift
2019-11-22 23:45:54,267|press|';'
2019-11-22 23:45:54,367|release|';'
2019-11-22 23:45:54,375|release|Key.shift
2019-11-22 23:45:54,734|press|Key.space
2019-11-22 23:45:54,886|release|Key.space
2019-11-22 23:45:55,726|press|Key.cmd
2019-11-22 23:45:55,831|press|Key.tab
2019-11-22 23:45:55,987|release|Key.cmd
2019-11-22 23:45:56,035|release|Key.tab
2019-11-22 23:45:58,047|press|Key.cmd
2019-11-22 23:45:58,162|press|Key.tab
2019-11-22 23:45:58,307|release|Key.cmd
2019-11-22 23:45:58,339|release|Key.tab
2019-11-22 23:45:59,752|press|'5'
2019-11-22 23:45:59,916|release|'5'
2019-11-22 23:46:00,085|press|'0'
2019-11-22 23:46:00,163|release|'0'
2019-11-22 23:46:00,246|press|'0'
2019-11-22 23:46:00,322|release|'0'
2019-11-22 23:46:00,423|press|'0'
2019-11-22 23:46:00,488|release|'0'
2019-11-22 23:46:00,745|press|Key.space
2019-11-22 23:46:00,914|release|Key.space
2019-11-22 23:46:01,373|press|'у'
2019-11-22 23:46:01,481|release|'у'
2019-11-22 23:46:01,694|press|'ч'
2019-11-22 23:46:01,834|release|'ч'
2019-11-22 23:46:01,987|press|'а'
2019-11-22 23:46:02,051|release|'а'
2019-11-22 23:46:03,394|press|'с'
2019-11-22 23:46:03,542|release|'с'
2019-11-22 23:46:03,567|press|'т'
2019-11-22 23:46:03,703|release|'т'
2019-11-22 23:46:03,752|press|'н'
2019-11-22 23:46:03,897|press|'и'
2019-11-22 23:46:03,945|release|'н'
2019-11-22 23:46:04,037|release|'и'
2019-11-22 23:46:04,110|press|'к'
2019-11-22 23:46:04,239|release|'к'
2019-11-22 23:46:04,270|press|'о'
2019-11-22 23:46:04,414|release|'о'
2019-11-22 23:46:04,448|press|'в'
2019-11-22 23:46:04,579|release|'в'
2019-11-22 23:46:07,037|press|Key.shift
2019-11-22 23:46:07,572|press|'.'
2019-11-22 23:46:07,699|release|'.'
2019-11-22 23:46:07,772|release|Key.shift
2019-11-22 23:46:12,156|press|Key.enter
2019-11-22 23:46:12,301|release|Key.enter
2019-11-22 23:46:13,531|press|Key.cmd
2019-11-22 23:46:13,630|press|Key.tab
2019-11-22 23:46:13,695|release|Key.cmd
2019-11-22 23:46:13,794|release|Key.tab
2019-11-22 23:46:18,849|press|Key.cmd
2019-11-22 23:46:18,963|press|Key.tab
2019-11-22 23:46:19,015|release|Key.cmd
2019-11-22 23:46:19,119|release|Key.tab
2019-11-22 23:46:19,959|press|Key.shift
2019-11-22 23:46:20,299|press|'Ш'
2019-11-22 23:46:20,395|press|'О'
2019-11-22 23:46:20,435|release|Key.shift
2019-11-22 23:46:20,491|release|'ш'
2019-11-22 23:46:20,511|release|'о'
2019-11-22 23:46:21,280|press|Key.backspace
2019-11-22 23:46:21,452|release|Key.backspace
2019-11-22 23:46:21,497|press|'у'
2019-11-22 23:46:21,677|release|'у'
2019-11-22 23:46:22,369|press|Key.backspace
2019-11-22 23:46:22,521|release|Key.backspace
2019-11-22 23:46:23,081|press|'о'
2019-11-22 23:46:23,186|release|'о'
2019-11-22 23:46:23,248|press|'у'
2019-11-22 23:46:23,372|release|'у'
2019-11-22 23:46:23,429|press|Key.space
2019-11-22 23:46:23,529|release|Key.space
2019-11-22 23:46:23,774|press|'ф'
2019-11-22 23:46:23,946|release|'ф'
2019-11-22 23:46:24,250|press|'е'
2019-11-22 23:46:24,378|release|'е'
2019-11-22 23:46:24,923|press|'й'
2019-11-22 23:46:25,075|release|'й'
2019-11-22 23:46:25,240|press|'р'
2019-11-22 23:46:25,376|release|'р'
2019-11-22 23:46:25,454|press|'в'
2019-11-22 23:46:25,566|release|'в'
2019-11-22 23:46:25,731|press|'е'
2019-11-22 23:46:25,871|release|'е'
2019-11-22 23:46:26,119|press|'р'
2019-11-22 23:46:26,252|release|'р'
2019-11-22 23:46:26,259|press|'к'
2019-11-22 23:46:26,392|release|'к'
2019-11-22 23:46:26,404|press|'о'
2019-11-22 23:46:26,524|release|'о'
2019-11-22 23:46:26,791|press|'в'
2019-11-22 23:46:26,919|press|Key.space
2019-11-22 23:46:26,922|release|'в'
2019-11-22 23:46:27,051|release|Key.space
2019-11-22 23:46:28,882|press|Key.cmd
2019-11-22 23:46:29,046|press|Key.tab
2019-11-22 23:46:29,086|release|Key.cmd
2019-11-22 23:46:29,173|release|Key.tab
2019-11-22 23:46:31,119|press|Key.cmd
2019-11-22 23:46:31,243|press|Key.tab
2019-11-22 23:46:31,319|release|Key.cmd
2019-11-22 23:46:31,446|release|Key.tab
2019-11-22 23:46:34,129|press|'е'
2019-11-22 23:46:34,277|release|'е'
2019-11-22 23:46:36,366|press|Key.cmd
2019-11-22 23:46:36,478|press|Key.tab
2019-11-22 23:46:36,538|release|Key.cmd
2019-11-22 23:46:36,618|release|Key.tab
2019-11-22 23:46:37,731|press|Key.cmd
2019-11-22 23:46:37,820|release|Key.cmd
2019-11-22 23:46:37,839|press|Key.cmd
2019-11-22 23:46:38,424|press|Key.tab
2019-11-22 23:46:38,644|release|Key.cmd
2019-11-22 23:46:38,689|release|Key.tab
2019-11-22 23:46:38,898|release|<0>
2019-11-22 23:46:39,296|press|'п'
2019-11-22 23:46:39,420|press|'р'
2019-11-22 23:46:39,437|release|'п'
2019-11-22 23:46:39,517|press|'и'
2019-11-22 23:46:39,600|release|'р'
2019-11-22 23:46:39,669|release|'и'
2019-11-22 23:46:39,797|press|Key.space
2019-11-22 23:46:39,934|release|Key.space
2019-11-22 23:46:40,341|press|'у'
2019-11-22 23:46:40,482|release|'у'
2019-11-22 23:46:40,606|press|'с'
2019-11-22 23:46:40,675|release|'с'
2019-11-22 23:46:41,312|press|Key.backspace
2019-11-22 23:46:41,432|press|'ч'
2019-11-22 23:46:41,472|release|Key.backspace
2019-11-22 23:46:41,577|release|'ч'
2019-11-22 23:46:41,685|press|'а'
2019-11-22 23:46:41,826|release|'а'
2019-11-22 23:46:41,944|press|'с'
2019-11-22 23:46:42,060|press|'т'
2019-11-22 23:46:42,068|release|'с'
2019-11-22 23:46:42,189|press|'и'
2019-11-22 23:46:42,236|release|'т'
2019-11-22 23:46:42,297|release|'и'
2019-11-22 23:46:42,409|press|'и'
2019-11-22 23:46:42,478|release|'и'
2019-11-22 23:46:42,579|press|'и'
2019-11-22 23:46:42,632|release|'и'
2019-11-22 23:46:43,856|press|Key.backspace
2019-11-22 23:46:44,005|release|Key.backspace
2019-11-22 23:46:44,035|press|Key.space
2019-11-22 23:46:44,172|release|Key.space
2019-11-22 23:46:44,799|press|'в'
2019-11-22 23:46:44,911|press|'с'
2019-11-22 23:46:44,999|release|'в'
2019-11-22 23:46:45,024|release|'с'
2019-11-22 23:46:45,160|press|'е'
2019-11-22 23:46:45,281|release|'е'
2019-11-22 23:46:45,367|press|'м'
2019-11-22 23:46:45,516|release|'м'
2019-11-22 23:46:46,726|press|'и'
2019-11-22 23:46:46,805|release|'и'
2019-11-22 23:46:47,063|press|'р'
2019-11-22 23:46:47,166|press|'о'
2019-11-22 23:46:47,206|release|'р'
2019-11-22 23:46:47,346|release|'о'
2019-11-22 23:46:47,358|press|'н'
2019-11-22 23:46:47,527|release|'н'
2019-11-22 23:46:47,632|press|Key.space
2019-11-22 23:46:47,737|release|Key.space
2019-11-22 23:46:47,851|press|'и'
2019-11-22 23:46:47,944|release|'и'
2019-11-22 23:46:49,626|press|Key.backspace
2019-11-22 23:46:50,127|press|Key.backspace
2019-11-22 23:46:50,212|press|Key.backspace
2019-11-22 23:46:50,296|press|Key.backspace
2019-11-22 23:46:50,346|release|Key.backspace
2019-11-22 23:46:50,707|press|Key.backspace
2019-11-22 23:46:50,804|release|Key.backspace
2019-11-22 23:46:51,721|press|'р'
2019-11-22 23:46:51,849|release|'р'
2019-11-22 23:46:51,913|press|'н'
2019-11-22 23:46:52,057|press|'о'
2019-11-22 23:46:52,065|release|'н'
2019-11-22 23:46:52,182|release|'о'
2019-11-22 23:46:52,301|press|Key.space
2019-11-22 23:46:52,461|release|Key.space
2019-11-22 23:46:53,177|press|'и'
2019-11-22 23:46:53,290|release|'и'
2019-11-22 23:46:53,394|press|'з'
2019-11-22 23:46:53,519|release|'з'
2019-11-22 23:46:53,635|press|'в'
2019-11-22 23:46:53,792|release|'в'
2019-11-22 23:46:53,829|press|'е'
2019-11-22 23:46:53,973|release|'е'
2019-11-22 23:46:54,187|press|'с'
2019-11-22 23:46:54,324|release|'с'
2019-11-22 23:46:54,966|press|'т'
2019-11-22 23:46:55,134|press|'н'
2019-11-22 23:46:55,158|release|'т'
2019-11-22 23:46:55,287|release|'н'
2019-11-22 23:46:55,363|press|'ы'
2019-11-22 23:46:55,539|release|'ы'
2019-11-22 23:46:55,940|press|'х'
2019-11-22 23:46:56,051|press|Key.space
2019-11-22 23:46:56,055|release|'х'
2019-11-22 23:46:56,183|release|Key.space
2019-11-22 23:46:57,440|press|'п'
2019-11-22 23:46:57,545|release|'п'
2019-11-22 23:46:57,637|press|'и'
2019-11-22 23:46:57,786|release|'и'
2019-11-22 23:46:57,822|press|'р'
2019-11-22 23:46:57,898|press|'о'
2019-11-22 23:46:57,926|release|'р'
2019-11-22 23:46:58,058|press|'т'
2019-11-22 23:46:58,082|release|'о'
2019-11-22 23:46:58,195|release|'т'
2019-11-22 23:46:58,274|press|'е'
2019-11-22 23:46:58,431|release|'е'
2019-11-22 23:46:58,767|press|'х'
2019-11-22 23:46:58,911|release|'х'
2019-11-22 23:46:59,204|press|'н'
2019-11-22 23:46:59,284|press|'и'
2019-11-22 23:46:59,299|release|'н'
2019-11-22 23:46:59,416|release|'и'
2019-11-22 23:46:59,523|press|'к'
2019-11-22 23:46:59,671|release|'к'
2019-11-22 23:47:00,580|press|'о'
2019-11-22 23:47:00,705|release|'о'
2019-11-22 23:47:00,720|press|'в'
2019-11-22 23:47:00,832|release|'в'
2019-11-22 23:47:00,897|press|Key.space
2019-11-22 23:47:01,009|release|Key.space
2019-11-22 23:47:03,978|press|Key.backspace
2019-11-22 23:47:04,086|release|Key.backspace
2019-11-22 23:47:05,410|press|Key.space
2019-11-22 23:47:05,626|release|Key.space
2019-11-22 23:47:05,782|press|'-'
2019-11-22 23:47:05,982|release|'-'
2019-11-22 23:47:06,034|press|Key.space
2019-11-22 23:47:06,342|release|Key.space
2019-11-22 23:47:07,459|press|Key.cmd
2019-11-22 23:47:07,579|press|Key.tab
2019-11-22 23:47:07,676|release|Key.cmd
2019-11-22 23:47:07,718|release|Key.tab
2019-11-22 23:47:09,370|press|Key.cmd
2019-11-22 23:47:09,486|press|Key.tab
2019-11-22 23:47:09,672|release|Key.cmd
2019-11-22 23:47:09,707|release|Key.tab
2019-11-22 23:47:10,265|press|'7'
2019-11-22 23:47:10,377|release|'7'
2019-11-22 23:47:11,014|press|Key.space
2019-11-22 23:47:11,154|release|Key.space
2019-11-22 23:47:11,158|press|'д'
2019-11-22 23:47:11,318|release|'д'
2019-11-22 23:47:14,225|press|'н'
2019-11-22 23:47:14,225|press|'е'
2019-11-22 23:47:14,389|release|'н'
2019-11-22 23:47:14,405|release|'е'
2019-11-22 23:47:14,537|press|'й'
2019-11-22 23:47:14,673|release|'й'
2019-11-22 23:47:16,562|press|Key.shift
2019-11-22 23:47:16,662|press|','
2019-11-22 23:47:16,810|release|Key.shift
2019-11-22 23:47:16,822|release|'6'
2019-11-22 23:47:17,098|press|Key.space
2019-11-22 23:47:17,242|release|Key.space
2019-11-22 23:47:18,052|press|'7'
2019-11-22 23:47:18,148|release|'7'
2019-11-22 23:47:18,213|press|Key.space
2019-11-22 23:47:18,345|release|Key.space
2019-11-22 23:47:18,793|press|'п'
2019-11-22 23:47:18,822|release|'п'
2019-11-22 23:47:19,067|press|'л'
2019-11-22 23:47:19,179|press|'о'
2019-11-22 23:47:19,239|release|'л'
2019-11-22 23:47:19,303|release|'о'
2019-11-22 23:47:20,279|press|'щ'
2019-11-22 23:47:20,411|release|'щ'
2019-11-22 23:47:20,793|press|'а'
2019-11-22 23:47:20,933|release|'а'
2019-11-22 23:47:21,255|press|'д'
2019-11-22 23:47:21,415|release|'д'
2019-11-22 23:47:21,582|press|'р'
2019-11-22 23:47:21,698|release|'р'
2019-11-22 23:47:22,577|press|Key.backspace
2019-11-22 23:47:22,713|release|Key.backspace
2019-11-22 23:47:23,561|press|'о'
2019-11-22 23:47:23,745|release|'о'
2019-11-22 23:47:24,635|press|'к'
2019-11-22 23:47:24,828|release|'к'
2019-11-22 23:47:25,341|press|Key.space
2019-11-22 23:47:25,489|release|Key.space
2019-11-22 23:47:26,167|press|'7'
2019-11-22 23:47:26,305|release|'7'
2019-11-22 23:47:27,483|press|Key.left
2019-11-22 23:47:27,599|release|Key.left
2019-11-22 23:47:28,166|press|Key.left
2019-11-22 23:47:28,238|release|Key.left
2019-11-22 23:47:29,863|press|Key.shift
2019-11-22 23:47:31,267|press|','
2019-11-22 23:47:31,355|release|','
2019-11-22 23:47:31,415|release|Key.shift
2019-11-22 23:47:32,174|press|Key.right
2019-11-22 23:47:32,675|press|Key.right
2019-11-22 23:47:32,759|press|Key.right
2019-11-22 23:47:32,843|press|Key.right
2019-11-22 23:47:32,898|release|Key.right
2019-11-22 23:47:37,942|press|Key.backspace
2019-11-22 23:47:38,026|release|Key.backspace
2019-11-22 23:47:38,165|press|Key.backspace
2019-11-22 23:47:38,210|release|Key.backspace
2019-11-22 23:47:38,976|press|Key.space
2019-11-22 23:47:39,129|release|Key.space
2019-11-22 23:47:39,267|press|'7'
2019-11-22 23:47:39,347|release|'7'
2019-11-22 23:47:39,355|press|Key.space
2019-11-22 23:47:39,516|release|Key.space
2019-11-22 23:47:39,868|press|'с'
2019-11-22 23:47:40,016|release|'с'
2019-11-22 23:47:40,477|press|'т'
2019-11-22 23:47:40,570|release|'т'
2019-11-22 23:47:40,583|press|'р'
2019-11-22 23:47:40,740|release|'р'
2019-11-22 23:47:40,762|press|'а'
2019-11-22 23:47:40,870|press|'н'
2019-11-22 23:47:40,919|release|'а'
2019-11-22 23:47:40,991|release|'н'
2019-11-22 23:47:42,533|press|Key.cmd
2019-11-22 23:47:42,808|press|Key.tab
2019-11-22 23:47:42,940|release|Key.tab
2019-11-22 23:47:43,392|release|Key.cmd
2019-11-22 23:47:43,646|release|<0>
2019-11-22 23:48:30,591|press|Key.enter
2019-11-22 23:48:30,731|release|Key.enter
2019-11-22 23:48:41,146|press|Key.backspace
2019-11-22 23:48:41,274|release|Key.backspace
2019-11-22 23:48:43,219|press|Key.enter
2019-11-22 23:48:43,359|release|Key.enter
2019-11-22 23:48:43,626|press|Key.enter
2019-11-22 23:48:43,761|release|Key.enter
2019-11-22 23:48:46,652|press|Key.shift
2019-11-22 23:48:46,908|press|'В'
2019-11-22 23:48:47,028|release|Key.shift
2019-11-22 23:48:47,080|release|'в'
2019-11-22 23:48:47,178|press|Key.space
2019-11-22 23:48:47,283|release|Key.space
2019-11-22 23:48:48,681|press|'д'
2019-11-22 23:48:48,841|press|'о'
2019-11-22 23:48:48,888|release|'д'
2019-11-22 23:48:48,993|release|'о'
2019-11-22 23:48:50,154|press|'к'
2019-11-22 23:48:50,302|press|'у'
2019-11-22 23:48:50,350|release|'к'
2019-11-22 23:48:50,434|release|'у'
2019-11-22 23:48:50,923|press|'м'
2019-11-22 23:48:51,007|press|'е'
2019-11-22 23:48:51,079|release|'м'
2019-11-22 23:48:51,162|release|'е'
2019-11-22 23:48:51,166|press|'н'
2019-11-22 23:48:51,319|release|'н'
2019-11-22 23:48:51,416|press|'т'
2019-11-22 23:48:51,580|release|'т'
2019-11-22 23:48:51,603|press|'е'
2019-11-22 23:48:51,752|release|'е'
2019-11-22 23:48:51,755|press|Key.space
2019-11-22 23:48:51,856|release|Key.space
2019-11-22 23:48:51,942|press|'п'
2019-11-22 23:48:52,033|press|'р'
2019-11-22 23:48:52,065|release|'п'
2019-11-22 23:48:52,149|press|'и'
2019-11-22 23:48:52,198|release|'р'
2019-11-22 23:48:52,250|release|'и'
2019-11-22 23:48:52,761|press|'к'
2019-11-22 23:48:52,922|release|'к'
2019-11-22 23:48:53,008|press|'р'
2019-11-22 23:48:53,141|release|'р'
2019-11-22 23:48:53,206|press|'е'
2019-11-22 23:48:53,347|release|'е'
2019-11-22 23:48:53,494|press|'п'
2019-11-22 23:48:53,602|release|'п'
2019-11-22 23:48:53,746|press|'л'
2019-11-22 23:48:53,886|release|'л'
2019-11-22 23:48:54,067|press|'я'
2019-11-22 23:48:54,260|release|'я'
2019-11-22 23:48:54,443|press|'ю'
2019-11-22 23:48:54,600|release|'ю'
2019-11-22 23:48:54,635|press|Key.space
2019-11-22 23:48:54,779|release|Key.space
2019-11-22 23:49:03,786|press|'ц'
2019-11-22 23:49:03,975|press|'е'
2019-11-22 23:49:04,000|release|'ц'
2019-11-22 23:49:04,108|release|'е'
2019-11-22 23:49:04,155|press|'н'
2019-11-22 23:49:04,324|release|'н'
2019-11-22 23:49:04,532|press|'ы'
2019-11-22 23:49:04,693|release|'ы'
2019-11-22 23:49:04,778|press|Key.space
2019-11-22 23:49:04,898|release|Key.space
2019-11-22 23:49:05,177|press|'п'
2019-11-22 23:49:05,317|release|'п'
2019-11-22 23:49:05,363|press|'р'
2019-11-22 23:49:05,399|press|'о'
2019-11-22 23:49:05,447|release|'р'
2019-11-22 23:49:05,576|release|'о'
2019-11-22 23:49:05,695|press|'в'
2019-11-22 23:49:05,840|release|'в'
2019-11-22 23:49:05,916|press|'е'
2019-11-22 23:49:06,100|release|'е'
2019-11-22 23:49:06,180|press|'д'
2019-11-22 23:49:06,308|press|'е'
2019-11-22 23:49:06,328|release|'д'
2019-11-22 23:49:06,428|release|'е'
2019-11-22 23:49:06,608|press|'н'
2019-11-22 23:49:06,780|press|'и'
2019-11-22 23:49:06,828|release|'н'
2019-11-22 23:49:06,888|release|'и'
2019-11-22 23:49:07,143|press|'я'
2019-11-22 23:49:07,319|release|'я'
2019-11-22 23:49:07,320|press|Key.space
2019-11-22 23:49:07,403|release|Key.space
2019-11-22 23:49:07,552|press|'м'
2019-11-22 23:49:07,680|press|'е'
2019-11-22 23:49:07,712|release|'м'
2019-11-22 23:49:07,840|press|'р'
2019-11-22 23:49:07,853|release|'е'
2019-11-22 23:49:07,968|press|'о'
2019-11-22 23:49:07,992|release|'р'
2019-11-22 23:49:08,112|release|'о'
2019-11-22 23:49:08,205|press|'п'
2019-11-22 23:49:08,341|release|'п'
2019-11-22 23:49:08,370|press|'р'
2019-11-22 23:49:08,502|press|'и'
2019-11-22 23:49:08,554|release|'р'
2019-11-22 23:49:08,610|release|'и'
2019-11-22 23:49:08,767|press|'я'
2019-11-22 23:49:08,871|press|'т'
2019-11-22 23:49:08,943|release|'я'
2019-11-22 23:49:09,003|press|'и'
2019-11-22 23:49:09,071|release|'т'
2019-11-22 23:49:09,131|release|'и'
2019-11-22 23:49:09,450|press|'й'
2019-11-22 23:49:09,614|release|'й'
2019-11-22 23:49:09,713|press|Key.space
2019-11-22 23:49:09,789|release|Key.space
2019-11-22 23:49:28,480|press|Key.backspace
2019-11-22 23:49:28,636|release|Key.backspace
2019-11-22 23:49:28,847|press|Key.shift
2019-11-22 23:49:30,351|press|'.'
2019-11-22 23:49:30,439|release|'.'
2019-11-22 23:49:30,615|release|Key.shift
2019-11-22 23:49:45,416|press|Key.cmd
2019-11-22 23:49:45,720|press|Key.tab
2019-11-22 23:49:45,938|release|Key.tab
2019-11-22 23:49:46,368|press|Key.tab
2019-11-22 23:49:46,468|release|Key.tab
2019-11-22 23:49:46,604|press|Key.tab
2019-11-22 23:49:46,716|release|Key.tab
2019-11-22 23:49:46,972|press|Key.tab
2019-11-22 23:49:47,096|release|Key.tab
2019-11-22 23:49:47,268|release|Key.cmd
2019-11-22 23:49:47,523|release|<0>
2019-11-22 23:49:50,040|press|Key.cmd
2019-11-22 23:49:50,176|press|Key.space
2019-11-22 23:49:50,264|release|Key.space
2019-11-22 23:49:50,453|release|Key.cmd
2019-11-22 23:49:51,390|press|Key.shift
2019-11-22 23:49:51,714|press|'S'
2019-11-22 23:49:51,954|release|'S'
2019-11-22 23:49:52,322|release|Key.shift
2019-11-22 23:49:53,108|press|Key.enter
