2019-11-25 16:52:34,296|release|Key.enter
2019-11-25 16:54:25,925|press|Key.shift
2019-11-25 16:54:26,279|press|'J'
2019-11-25 16:54:26,383|release|'J'
2019-11-25 16:54:26,400|release|Key.shift
2019-11-25 16:54:26,485|press|'h'
2019-11-25 16:54:26,566|release|'h'
2019-11-25 16:54:26,895|press|Key.backspace
2019-11-25 16:54:27,000|release|Key.backspace
2019-11-25 16:54:27,105|press|Key.backspace
2019-11-25 16:54:27,185|release|Key.backspace
2019-11-25 16:54:27,274|press|Key.shift
2019-11-25 16:54:27,405|press|Key.cmd
2019-11-25 16:54:27,449|release|Key.shift
2019-11-25 16:54:27,506|release|Key.cmd
2019-11-25 16:54:27,593|press|Key.shift
2019-11-25 16:54:27,717|press|'J'
2019-11-25 16:54:27,793|release|'J'
2019-11-25 16:54:27,797|release|Key.shift
2019-11-25 16:54:27,928|press|'h'
2019-11-25 16:54:27,992|release|'h'
2019-11-25 16:54:28,662|press|'u'
2019-11-25 16:54:28,730|release|'u'
2019-11-25 16:54:28,791|press|'f'
2019-11-25 16:54:28,891|release|'f'
2019-11-25 16:54:29,019|press|'y'
2019-11-25 16:54:29,112|release|'y'
2019-11-25 16:54:29,275|press|'b'
2019-11-25 16:54:29,351|release|'b'
2019-11-25 16:54:29,718|press|'p'
2019-11-25 16:54:29,782|release|'p'
2019-11-25 16:54:30,265|press|'f'
2019-11-25 16:54:30,321|release|'f'
2019-11-25 16:54:30,739|press|'w'
2019-11-25 16:54:30,808|release|'w'
2019-11-25 16:54:31,027|press|'b'
2019-11-25 16:54:31,125|release|'b'
2019-11-25 16:54:31,358|press|'j'
2019-11-25 16:54:31,441|release|'j'
2019-11-25 16:54:31,635|press|'y'
2019-11-25 16:54:31,699|release|'y'
2019-11-25 16:54:31,778|press|'y'
2019-11-25 16:54:31,854|release|'y'
2019-11-25 16:54:32,294|press|'s'
2019-11-25 16:54:32,368|release|'s'
2019-11-25 16:54:32,734|press|'t'
2019-11-25 16:54:32,825|release|'t'
2019-11-25 16:54:32,831|press|Key.space
2019-11-25 16:54:32,893|release|Key.space
2019-11-25 16:54:33,340|press|Key.backspace
2019-11-25 16:54:33,840|press|Key.backspace
2019-11-25 16:54:33,925|press|Key.backspace
2019-11-25 16:54:34,009|press|Key.backspace
2019-11-25 16:54:34,093|press|Key.backspace
2019-11-25 16:54:34,178|press|Key.backspace
2019-11-25 16:54:34,262|press|Key.backspace
2019-11-25 16:54:34,345|press|Key.backspace
2019-11-25 16:54:34,429|press|Key.backspace
2019-11-25 16:54:34,513|press|Key.backspace
2019-11-25 16:54:34,597|press|Key.backspace
2019-11-25 16:54:34,681|press|Key.backspace
2019-11-25 16:54:34,766|press|Key.backspace
2019-11-25 16:54:34,850|press|Key.backspace
2019-11-25 16:54:34,933|press|Key.backspace
2019-11-25 16:54:35,004|release|Key.backspace
2019-11-25 16:54:35,332|press|Key.backspace
2019-11-25 16:54:35,452|release|Key.backspace
2019-11-25 16:54:35,704|press|Key.cmd
2019-11-25 16:54:35,820|press|Key.space
2019-11-25 16:54:35,864|release|Key.cmd
2019-11-25 16:54:35,928|release|Key.space
2019-11-25 16:54:36,550|press|Key.shift
2019-11-25 16:54:36,726|press|'О'
2019-11-25 16:54:36,766|release|Key.shift
2019-11-25 16:54:36,786|release|'о'
2019-11-25 16:54:36,956|press|'р'
2019-11-25 16:54:37,048|release|'р'
2019-11-25 16:54:37,641|press|'г'
2019-11-25 16:54:37,693|release|'г'
2019-11-25 16:54:37,793|press|'а'
2019-11-25 16:54:37,861|release|'а'
2019-11-25 16:54:38,041|press|'н'
2019-11-25 16:54:38,126|release|'н'
2019-11-25 16:54:38,218|press|'и'
2019-11-25 16:54:38,298|release|'и'
2019-11-25 16:54:39,026|press|'з'
2019-11-25 16:54:39,074|release|'з'
2019-11-25 16:54:39,409|press|'а'
2019-11-25 16:54:39,495|release|'а'
2019-11-25 16:54:39,807|press|'ц'
2019-11-25 16:54:39,895|release|'ц'
2019-11-25 16:54:40,114|press|'и'
2019-11-25 16:54:40,212|release|'и'
2019-11-25 16:54:40,433|press|'о'
2019-11-25 16:54:40,528|release|'о'
2019-11-25 16:54:40,731|press|'н'
2019-11-25 16:54:40,791|release|'н'
2019-11-25 16:54:40,870|press|'н'
2019-11-25 16:54:40,950|release|'н'
2019-11-25 16:54:41,351|press|'ы'
2019-11-25 16:54:41,435|release|'ы'
2019-11-25 16:54:41,666|press|'е'
2019-11-25 16:54:41,742|release|'е'
2019-11-25 16:54:41,801|press|Key.space
2019-11-25 16:54:41,861|release|Key.space
2019-11-25 16:54:42,003|press|'м'
2019-11-25 16:54:42,083|release|'м'
2019-11-25 16:54:42,202|press|'е'
2019-11-25 16:54:42,274|release|'е'
2019-11-25 16:54:42,402|press|'р'
2019-11-25 16:54:42,454|release|'р'
2019-11-25 16:54:42,595|press|'о'
2019-11-25 16:54:42,639|release|'о'
2019-11-25 16:54:42,974|press|'п'
2019-11-25 16:54:43,082|release|'п'
2019-11-25 16:54:43,140|press|'р'
2019-11-25 16:54:43,220|release|'р'
2019-11-25 16:54:43,310|press|'и'
2019-11-25 16:54:43,386|release|'и'
2019-11-25 16:54:43,693|press|'я'
2019-11-25 16:54:43,780|release|'я'
2019-11-25 16:54:44,117|press|'т'
2019-11-25 16:54:44,181|release|'т'
2019-11-25 16:54:44,205|press|'и'
2019-11-25 16:54:44,293|release|'и'
2019-11-25 16:54:44,579|press|'я'
2019-11-25 16:54:44,671|release|'я'
2019-11-25 16:54:46,620|press|Key.space
2019-11-25 16:54:46,725|release|Key.space
2019-11-25 16:54:46,787|press|'в'
2019-11-25 16:54:46,863|release|'в'
2019-11-25 16:54:46,900|press|Key.space
2019-11-25 16:54:46,948|release|Key.space
2019-11-25 16:54:47,813|press|'2'
2019-11-25 16:54:47,902|release|'2'
2019-11-25 16:54:47,970|press|'0'
2019-11-25 16:54:48,034|release|'0'
2019-11-25 16:54:48,082|press|'1'
2019-11-25 16:54:48,170|release|'1'
2019-11-25 16:54:48,559|press|'7'
2019-11-25 16:54:48,620|release|'7'
2019-11-25 16:54:49,688|press|Key.space
2019-11-25 16:54:49,765|release|Key.space
2019-11-25 16:54:50,208|press|'г'
2019-11-25 16:54:50,281|release|'г'
2019-11-25 16:54:50,454|press|'о'
2019-11-25 16:54:50,482|release|'о'
2019-11-25 16:54:50,931|press|'д'
2019-11-25 16:54:50,999|release|'д'
2019-11-25 16:54:51,073|press|'у'
2019-11-25 16:54:51,137|release|'у'
2019-11-25 16:54:51,705|press|Key.shift
2019-11-25 16:54:52,100|press|'Ж'
2019-11-25 16:54:52,184|release|'Ж'
2019-11-25 16:54:52,293|release|Key.shift
2019-11-25 16:54:52,538|press|Key.backspace
2019-11-25 16:54:52,655|release|Key.backspace
2019-11-25 16:54:53,013|press|Key.shift
2019-11-25 16:54:53,121|press|'Э'
2019-11-25 16:54:53,208|release|'Э'
2019-11-25 16:54:53,317|release|Key.shift
2019-11-25 16:54:53,486|press|Key.backspace
2019-11-25 16:54:53,599|release|Key.backspace
2019-11-25 16:54:54,728|press|Key.shift
2019-11-25 16:54:54,880|press|';'
2019-11-25 16:54:54,963|release|';'
2019-11-25 16:54:55,040|release|Key.shift
2019-11-25 16:54:55,390|press|Key.backspace
2019-11-25 16:54:55,465|release|Key.backspace
2019-11-25 16:54:57,575|press|Key.cmd
2019-11-25 16:54:57,738|press|Key.space
2019-11-25 16:54:57,783|release|Key.cmd
2019-11-25 16:54:57,865|release|Key.space
2019-11-25 16:54:58,114|press|Key.shift
2019-11-25 16:54:58,277|press|'*'
2019-11-25 16:54:58,381|release|'*'
2019-11-25 16:54:58,414|release|Key.shift
2019-11-25 16:54:58,986|press|Key.backspace
2019-11-25 16:54:59,059|release|Key.backspace
2019-11-25 16:54:59,200|press|Key.shift
2019-11-25 16:54:59,423|press|':'
2019-11-25 16:54:59,495|release|':'
2019-11-25 16:54:59,548|release|Key.shift
2019-11-25 16:55:00,338|press|Key.enter
2019-11-25 16:55:00,390|release|Key.enter
2019-11-25 16:55:02,722|press|'1'
2019-11-25 16:55:02,826|release|'1'
2019-11-25 16:55:04,070|press|Key.shift
2019-11-25 16:55:04,341|press|')'
2019-11-25 16:55:04,425|release|')'
2019-11-25 16:55:04,470|release|Key.shift
2019-11-25 16:55:05,085|press|Key.shift
2019-11-25 16:55:05,358|release|Key.shift
2019-11-25 16:55:05,604|press|Key.cmd
2019-11-25 16:55:05,776|press|Key.space
2019-11-25 16:55:05,817|release|Key.cmd
2019-11-25 16:55:05,890|release|Key.space
2019-11-25 16:55:07,545|press|Key.shift
2019-11-25 16:55:08,077|press|'В'
2019-11-25 16:55:08,097|release|Key.shift
2019-11-25 16:55:08,153|release|'в'
2019-11-25 16:55:08,290|press|'с'
2019-11-25 16:55:08,355|release|'с'
2019-11-25 16:55:08,571|press|'е'
2019-11-25 16:55:08,663|release|'е'
2019-11-25 16:55:08,758|press|'р'
2019-11-25 16:55:08,838|release|'р'
2019-11-25 16:55:08,945|press|'о'
2019-11-25 16:55:09,006|release|'о'
2019-11-25 16:55:09,491|press|'с'
2019-11-25 16:55:09,552|release|'с'
2019-11-25 16:55:09,648|press|'с'
2019-11-25 16:55:09,728|release|'с'
2019-11-25 16:55:09,851|press|'и'
2019-11-25 16:55:09,927|release|'и'
2019-11-25 16:55:10,363|press|'й'
2019-11-25 16:55:10,459|release|'й'
2019-11-25 16:55:10,657|press|'с'
2019-11-25 16:55:10,765|release|'с'
2019-11-25 16:55:10,931|press|'к'
2019-11-25 16:55:11,007|release|'к'
2019-11-25 16:55:11,137|press|'и'
2019-11-25 16:55:11,221|release|'и'
2019-11-25 16:55:11,520|press|'й'
2019-11-25 16:55:11,600|release|'й'
2019-11-25 16:55:11,676|press|Key.space
2019-11-25 16:55:11,744|release|Key.space
2019-11-25 16:55:12,556|press|'ф'
2019-11-25 16:55:12,616|release|'ф'
2019-11-25 16:55:12,717|press|'о'
2019-11-25 16:55:12,797|release|'о'
2019-11-25 16:55:12,893|press|'р'
2019-11-25 16:55:12,965|release|'р'
2019-11-25 16:55:13,464|press|'ц'
2019-11-25 16:55:13,499|release|'ц'
2019-11-25 16:55:14,049|press|Key.backspace
2019-11-25 16:55:14,099|press|'у'
2019-11-25 16:55:14,103|release|Key.backspace
2019-11-25 16:55:14,187|release|'у'
2019-11-25 16:55:14,307|press|'м'
2019-11-25 16:55:14,386|release|'м'
2019-11-25 16:55:14,426|press|Key.space
2019-11-25 16:55:14,498|release|Key.space
2019-11-25 16:55:19,006|press|Key.shift
2019-11-25 16:55:19,135|press|'"'
2019-11-25 16:55:19,215|release|'"'
2019-11-25 16:55:19,307|press|'"'
2019-11-25 16:55:19,383|release|'"'
2019-11-25 16:55:19,475|release|Key.shift
2019-11-25 16:55:20,291|press|Key.left
2019-11-25 16:55:20,383|release|Key.left
2019-11-25 16:55:22,392|press|Key.shift
2019-11-25 16:55:22,656|press|'С'
2019-11-25 16:55:22,732|release|Key.shift
2019-11-25 16:55:22,764|release|'с'
2019-11-25 16:55:22,946|press|'п'
2019-11-25 16:55:23,046|release|'п'
2019-11-25 16:55:23,062|press|'а'
2019-11-25 16:55:23,179|release|'а'
2019-11-25 16:55:23,319|press|'с'
2019-11-25 16:55:23,435|release|'с'
2019-11-25 16:55:23,558|press|'е'
2019-11-25 16:55:23,642|release|'е'
2019-11-25 16:55:23,817|press|'м'
2019-11-25 16:55:23,910|release|'м'
2019-11-25 16:55:23,988|press|Key.space
2019-11-25 16:55:24,052|release|Key.space
2019-11-25 16:55:24,599|press|Key.shift
2019-11-25 16:55:24,735|press|'З'
2019-11-25 16:55:24,816|release|Key.shift
2019-11-25 16:55:24,827|release|'з'
2019-11-25 16:55:25,031|press|'е'
2019-11-25 16:55:25,133|release|'е'
2019-11-25 16:55:25,244|press|'м'
2019-11-25 16:55:25,336|release|'м'
2019-11-25 16:55:25,817|press|'л'
2019-11-25 16:55:25,858|release|'л'
2019-11-25 16:55:26,132|press|'ю'
2019-11-25 16:55:26,204|release|'ю'
2019-11-25 16:55:26,863|press|Key.right
2019-11-25 16:55:27,016|release|Key.right
2019-11-25 16:55:28,135|press|Key.enter
2019-11-25 16:55:28,191|release|Key.enter
2019-11-25 16:55:29,309|press|Key.tab
2019-11-25 16:55:29,425|release|Key.tab
2019-11-25 16:55:32,494|press|Key.tab
2019-11-25 16:55:32,643|release|Key.tab
2019-11-25 16:55:33,734|press|Key.tab
2019-11-25 16:55:33,871|release|Key.tab
2019-11-25 16:55:39,153|press|Key.tab
2019-11-25 16:55:39,313|release|Key.tab
2019-11-25 16:55:41,170|press|Key.space
2019-11-25 16:55:41,274|release|Key.space
2019-11-25 16:55:41,395|press|Key.space
2019-11-25 16:55:41,515|release|Key.space
2019-11-25 16:55:41,707|press|Key.space
2019-11-25 16:55:41,839|release|Key.space
2019-11-25 16:55:41,915|press|Key.space
2019-11-25 16:55:42,163|release|Key.space
2019-11-25 16:55:42,478|press|Key.backspace
2019-11-25 16:55:42,650|release|Key.backspace
2019-11-25 16:55:43,694|press|Key.space
2019-11-25 16:55:44,195|press|Key.space
2019-11-25 16:55:44,283|press|Key.space
2019-11-25 16:55:44,362|press|Key.space
2019-11-25 16:55:44,366|release|Key.space
2019-11-25 16:55:52,309|press|Key.backspace
2019-11-25 16:55:52,417|release|Key.backspace
2019-11-25 16:55:52,556|press|Key.backspace
2019-11-25 16:55:52,688|release|Key.backspace
2019-11-25 16:55:52,797|press|Key.backspace
2019-11-25 16:55:52,921|release|Key.backspace
2019-11-25 16:55:53,031|press|Key.backspace
2019-11-25 16:55:53,135|release|Key.backspace
2019-11-25 16:55:53,239|press|Key.backspace
2019-11-25 16:55:53,331|release|Key.backspace
2019-11-25 16:55:53,433|press|Key.backspace
2019-11-25 16:55:53,541|release|Key.backspace
2019-11-25 16:55:53,634|press|Key.backspace
2019-11-25 16:55:53,738|release|Key.backspace
2019-11-25 16:55:53,819|press|Key.backspace
2019-11-25 16:55:53,931|release|Key.backspace
2019-11-25 16:55:54,030|press|Key.backspace
2019-11-25 16:55:54,098|release|Key.backspace
2019-11-25 16:55:56,030|press|Key.shift
2019-11-25 16:55:56,112|press|'Ж'
2019-11-25 16:55:56,186|release|'Ж'
2019-11-25 16:55:56,238|release|Key.shift
2019-11-25 16:55:56,727|press|Key.backspace
2019-11-25 16:55:56,831|release|Key.backspace
2019-11-25 16:55:57,513|press|Key.cmd
2019-11-25 16:55:57,701|press|Key.space
2019-11-25 16:55:57,705|release|Key.cmd
2019-11-25 16:55:57,748|release|Key.space
2019-11-25 16:55:58,010|press|Key.shift
2019-11-25 16:55:58,170|press|':'
2019-11-25 16:55:58,258|release|':'
2019-11-25 16:55:58,294|release|Key.shift
2019-11-25 16:55:59,866|press|Key.backspace
2019-11-25 16:55:59,946|release|Key.backspace
2019-11-25 16:56:00,483|press|Key.enter
2019-11-25 16:56:00,531|release|Key.enter
2019-11-25 16:56:09,058|release|<63>
2019-11-25 16:56:09,277|press|'z'
2019-11-25 16:56:09,426|release|<63>
2019-11-25 16:56:09,446|release|'z'
2019-11-25 16:56:10,307|press|Key.backspace
2019-11-25 16:56:10,429|release|Key.backspace
2019-11-25 16:56:11,279|press|Key.left
2019-11-25 16:56:11,781|press|Key.left
2019-11-25 16:56:11,865|press|Key.left
2019-11-25 16:56:11,949|press|Key.left
2019-11-25 16:56:12,033|press|Key.left
2019-11-25 16:56:12,118|press|Key.left
2019-11-25 16:56:12,202|press|Key.left
2019-11-25 16:56:12,286|press|Key.left
2019-11-25 16:56:12,370|press|Key.left
2019-11-25 16:56:12,455|press|Key.left
2019-11-25 16:56:12,538|press|Key.left
2019-11-25 16:56:12,623|press|Key.left
2019-11-25 16:56:12,707|press|Key.left
2019-11-25 16:56:12,791|press|Key.left
2019-11-25 16:56:12,875|press|Key.left
2019-11-25 16:56:12,960|press|Key.left
2019-11-25 16:56:13,044|press|Key.left
2019-11-25 16:56:13,128|press|Key.left
2019-11-25 16:56:13,212|press|Key.left
2019-11-25 16:56:13,297|press|Key.left
2019-11-25 16:56:13,381|press|Key.left
2019-11-25 16:56:13,465|press|Key.left
2019-11-25 16:56:13,549|press|Key.left
2019-11-25 16:56:13,634|press|Key.left
2019-11-25 16:56:13,718|press|Key.left
2019-11-25 16:56:13,802|press|Key.left
2019-11-25 16:56:13,886|press|Key.left
2019-11-25 16:56:13,970|press|Key.left
2019-11-25 16:56:14,055|press|Key.left
2019-11-25 16:56:14,139|press|Key.left
2019-11-25 16:56:14,223|press|Key.left
2019-11-25 16:56:14,307|press|Key.left
2019-11-25 16:56:14,392|press|Key.left
2019-11-25 16:56:14,476|press|Key.left
2019-11-25 16:56:14,560|press|Key.left
2019-11-25 16:56:14,620|release|Key.left
2019-11-25 16:56:14,911|press|Key.left
2019-11-25 16:56:15,035|release|Key.left
2019-11-25 16:56:15,199|press|Key.backspace
2019-11-25 16:56:15,283|release|Key.backspace
2019-11-25 16:56:17,344|press|Key.enter
2019-11-25 16:56:17,420|release|Key.enter
2019-11-25 16:56:22,766|press|'7'
2019-11-25 16:56:22,838|release|'7'
2019-11-25 16:56:22,879|press|Key.space
2019-11-25 16:56:22,955|release|Key.space
2019-11-25 16:56:24,481|press|'l'
2019-11-25 16:56:24,533|release|'l'
2019-11-25 16:56:24,637|press|'y'
2019-11-25 16:56:24,725|release|'y'
2019-11-25 16:56:24,741|press|'t'
2019-11-25 16:56:24,849|release|'t'
2019-11-25 16:56:25,237|press|'q'
2019-11-25 16:56:25,309|release|'q'
2019-11-25 16:56:25,310|press|Key.space
2019-11-25 16:56:25,385|release|Key.space
2019-11-25 16:56:25,982|press|Key.backspace
2019-11-25 16:56:26,482|press|Key.backspace
2019-11-25 16:56:26,566|press|Key.backspace
2019-11-25 16:56:26,650|press|Key.backspace
2019-11-25 16:56:26,686|release|Key.backspace
2019-11-25 16:56:27,087|press|Key.backspace
2019-11-25 16:56:27,161|release|Key.backspace
2019-11-25 16:56:27,363|press|Key.cmd
2019-11-25 16:56:27,531|press|Key.space
2019-11-25 16:56:27,563|release|Key.cmd
2019-11-25 16:56:27,634|release|Key.space
2019-11-25 16:56:28,352|press|'д'
2019-11-25 16:56:28,417|release|'д'
2019-11-25 16:56:28,550|press|'н'
2019-11-25 16:56:28,646|release|'н'
2019-11-25 16:56:28,668|press|'е'
2019-11-25 16:56:28,772|release|'е'
2019-11-25 16:56:29,112|press|'й'
2019-11-25 16:56:29,180|release|'й'
2019-11-25 16:56:29,255|press|Key.enter
2019-11-25 16:56:29,314|release|Key.enter
2019-11-25 16:56:30,876|press|'1'
2019-11-25 16:56:30,952|release|'1'
2019-11-25 16:56:30,980|press|'2'
2019-11-25 16:56:31,072|release|'2'
2019-11-25 16:56:31,148|press|Key.space
2019-11-25 16:56:31,224|release|Key.space
2019-11-25 16:56:31,580|press|'п'
2019-11-25 16:56:31,660|release|'п'
2019-11-25 16:56:32,033|press|'л'
2019-11-25 16:56:32,109|release|'л'
2019-11-25 16:56:32,185|press|'о'
2019-11-25 16:56:32,285|release|'о'
2019-11-25 16:56:32,718|press|'щ'
2019-11-25 16:56:32,801|release|'щ'
2019-11-25 16:56:33,225|press|'а'
2019-11-25 16:56:33,313|release|'а'
2019-11-25 16:56:33,519|press|'д'
2019-11-25 16:56:33,601|release|'д'
2019-11-25 16:56:33,908|press|'о'
2019-11-25 16:56:33,984|release|'о'
2019-11-25 16:56:34,058|press|'к'
2019-11-25 16:56:34,130|release|'к'
2019-11-25 16:56:34,498|press|Key.enter
2019-11-25 16:56:34,584|release|Key.enter
2019-11-25 16:56:36,461|press|'5'
2019-11-25 16:56:36,534|release|'5'
2019-11-25 16:56:36,895|press|'0'
2019-11-25 16:56:36,968|release|'0'
2019-11-25 16:56:37,033|press|'0'
2019-11-25 16:56:37,101|release|'0'
2019-11-25 16:56:37,538|press|Key.space
2019-11-25 16:56:37,618|release|Key.space
2019-11-25 16:56:37,978|press|'у'
2019-11-25 16:56:38,054|release|'у'
2019-11-25 16:56:38,384|press|'ч'
2019-11-25 16:56:38,470|release|'ч'
2019-11-25 16:56:38,609|press|'а'
2019-11-25 16:56:38,677|release|'а'
2019-11-25 16:56:38,787|press|'с'
2019-11-25 16:56:38,859|release|'с'
2019-11-25 16:56:39,114|press|'т'
2019-11-25 16:56:39,204|release|'т'
2019-11-25 16:56:39,347|press|'н'
2019-11-25 16:56:39,427|release|'н'
2019-11-25 16:56:39,597|press|'и'
2019-11-25 16:56:39,653|release|'и'
2019-11-25 16:56:40,102|press|'к'
2019-11-25 16:56:40,182|release|'к'
2019-11-25 16:56:40,255|press|'о'
2019-11-25 16:56:40,339|release|'о'
2019-11-25 16:56:40,490|press|'в'
2019-11-25 16:56:40,576|release|'в'
2019-11-25 16:56:40,602|press|Key.space
2019-11-25 16:56:40,682|release|Key.space
2019-11-25 16:56:40,985|press|Key.enter
2019-11-25 16:56:41,070|release|Key.enter
2019-11-25 16:56:42,048|press|Key.backspace
2019-11-25 16:56:42,105|release|Key.backspace
2019-11-25 16:56:43,139|press|Key.enter
2019-11-25 16:56:43,239|release|Key.enter
2019-11-25 16:56:44,063|press|Key.backspace
2019-11-25 16:56:44,156|release|Key.backspace
2019-11-25 16:56:44,494|press|Key.backspace
2019-11-25 16:56:44,583|release|Key.backspace
2019-11-25 16:56:46,574|press|Key.space
2019-11-25 16:56:46,658|release|Key.space
2019-11-25 16:56:47,190|press|Key.enter
2019-11-25 16:56:47,287|release|Key.enter
2019-11-25 16:56:48,952|press|Key.left
2019-11-25 16:56:49,105|release|Key.left
2019-11-25 16:56:49,545|press|Key.left
2019-11-25 16:56:49,670|release|Key.left
2019-11-25 16:56:50,170|press|Key.down
2019-11-25 16:56:50,314|release|Key.down
2019-11-25 16:56:50,565|press|Key.left
2019-11-25 16:56:50,714|release|Key.left
2019-11-25 16:56:51,589|press|Key.right
2019-11-25 16:56:51,775|release|Key.right
2019-11-25 16:56:57,578|press|Key.backspace
2019-11-25 16:56:57,659|release|Key.backspace
2019-11-25 16:57:03,082|press|Key.enter
2019-11-25 16:57:03,127|release|Key.enter
2019-11-25 16:57:03,571|press|Key.backspace
2019-11-25 16:57:03,671|release|Key.backspace
2019-11-25 16:57:04,610|press|Key.enter
2019-11-25 16:57:04,702|release|Key.enter
2019-11-25 16:57:14,899|press|Key.backspace
2019-11-25 16:57:15,019|release|Key.backspace
2019-11-25 16:57:22,422|press|Key.enter
2019-11-25 16:57:22,503|release|Key.enter
2019-11-25 16:57:22,909|press|Key.backspace
2019-11-25 16:57:23,002|release|Key.backspace
2019-11-25 16:57:23,627|press|Key.enter
2019-11-25 16:57:23,740|release|Key.enter
2019-11-25 16:57:24,843|press|'2'
2019-11-25 16:57:24,975|release|'2'
2019-11-25 16:57:25,419|press|Key.left
2019-11-25 16:57:25,549|release|Key.left
2019-11-25 16:57:25,986|press|Key.backspace
2019-11-25 16:57:26,095|release|Key.backspace
2019-11-25 16:57:27,086|press|Key.enter
2019-11-25 16:57:27,191|release|Key.enter
2019-11-25 16:57:29,545|press|Key.backspace
2019-11-25 16:57:29,656|release|Key.backspace
2019-11-25 16:57:31,148|press|Key.right
2019-11-25 16:57:31,272|release|Key.right
2019-11-25 16:57:31,554|press|Key.enter
2019-11-25 16:57:31,662|release|Key.enter
2019-11-25 16:57:32,849|press|Key.backspace
2019-11-25 16:57:32,933|release|Key.backspace
2019-11-25 16:57:33,358|press|Key.backspace
2019-11-25 16:57:33,437|release|Key.backspace
2019-11-25 16:57:33,641|press|Key.enter
2019-11-25 16:57:33,756|release|Key.enter
2019-11-25 16:57:34,794|press|'2'
2019-11-25 16:57:34,906|release|'2'
2019-11-25 16:57:36,986|press|Key.shift
2019-11-25 16:57:37,602|press|')'
2019-11-25 16:57:37,699|release|')'
2019-11-25 16:57:37,719|release|Key.shift
2019-11-25 16:57:38,234|press|Key.space
2019-11-25 16:57:38,302|release|Key.space
2019-11-25 16:57:39,946|press|Key.shift
2019-11-25 16:57:40,858|press|'Х'
2019-11-25 16:57:40,934|release|'Х'
2019-11-25 16:57:41,103|release|Key.shift
2019-11-25 16:57:41,544|press|'а'
2019-11-25 16:57:41,636|release|'а'
2019-11-25 16:57:41,680|press|'к'
2019-11-25 16:57:41,780|release|'к'
2019-11-25 16:57:41,887|press|'а'
2019-11-25 16:57:41,975|release|'а'
2019-11-25 16:57:42,241|press|'т'
2019-11-25 16:57:42,329|release|'т'
2019-11-25 16:57:42,790|press|'о'
2019-11-25 16:57:42,858|release|'о'
2019-11-25 16:57:42,876|press|'н'
2019-11-25 16:57:42,968|release|'н'
2019-11-25 16:57:43,422|press|Key.space
2019-11-25 16:57:43,503|release|Key.space
2019-11-25 16:57:47,742|press|'э'
2019-11-25 16:57:47,832|release|'э'
2019-11-25 16:57:48,333|press|Key.backspace
2019-11-25 16:57:48,439|release|Key.backspace
2019-11-25 16:57:48,675|press|Key.shift
2019-11-25 16:57:49,371|press|'№'
2019-11-25 16:57:49,484|release|'№'
2019-11-25 16:57:49,509|release|Key.shift
2019-11-25 16:57:49,990|press|Key.backspace
2019-11-25 16:57:50,083|release|Key.backspace
2019-11-25 16:57:50,236|press|Key.shift
2019-11-25 16:57:52,570|press|'"'
2019-11-25 16:57:52,666|release|'"'
2019-11-25 16:57:52,688|release|Key.shift
2019-11-25 16:57:53,353|press|Key.shift
2019-11-25 16:57:53,753|press|'"'
2019-11-25 16:57:53,910|release|'"'
2019-11-25 16:57:53,963|release|Key.shift
2019-11-25 16:57:54,606|press|Key.left
2019-11-25 16:57:54,695|release|Key.left
2019-11-25 16:57:56,367|press|Key.shift
2019-11-25 16:57:57,981|press|'Х'
2019-11-25 16:57:58,058|release|'Х'
2019-11-25 16:57:58,058|release|Key.shift
2019-11-25 16:57:59,073|press|'а'
2019-11-25 16:57:59,189|release|'а'
2019-11-25 16:57:59,219|press|'к'
2019-11-25 16:57:59,308|release|'к'
2019-11-25 16:57:59,838|press|'в'
2019-11-25 16:57:59,946|release|'в'
2019-11-25 16:58:00,086|press|'е'
2019-11-25 16:58:00,183|release|'е'
2019-11-25 16:58:00,276|press|'р'
2019-11-25 16:58:00,353|release|'р'
2019-11-25 16:58:00,649|press|'с'
2019-11-25 16:58:00,709|release|'с'
2019-11-25 16:58:01,167|press|Key.right
2019-11-25 16:58:01,284|release|Key.right
2019-11-25 16:58:01,669|press|Key.space
2019-11-25 16:58:01,748|release|Key.space
2019-11-25 16:58:02,950|press|'с'
2019-11-25 16:58:03,027|release|'с'
2019-11-25 16:58:03,457|press|'р'
2019-11-25 16:58:03,531|release|'р'
2019-11-25 16:58:03,605|press|'е'
2019-11-25 16:58:03,677|release|'е'
2019-11-25 16:58:04,019|press|'д'
2019-11-25 16:58:04,091|release|'д'
2019-11-25 16:58:04,239|press|'и'
2019-11-25 16:58:04,312|release|'и'
2019-11-25 16:58:04,375|press|Key.space
2019-11-25 16:58:04,456|release|Key.space
2019-11-25 16:58:04,665|press|'с'
2019-11-25 16:58:04,726|release|'с'
2019-11-25 16:58:04,912|press|'т'
2019-11-25 16:58:04,976|release|'т'
2019-11-25 16:58:05,246|press|'у'
2019-11-25 16:58:05,338|release|'у'
2019-11-25 16:58:05,731|press|'д'
2019-11-25 16:58:05,817|release|'д'
2019-11-25 16:58:05,895|press|'е'
2019-11-25 16:58:06,004|release|'е'
2019-11-25 16:58:06,023|press|'н'
2019-11-25 16:58:06,128|release|'н'
2019-11-25 16:58:06,206|press|'т'
2019-11-25 16:58:06,287|release|'т'
2019-11-25 16:58:06,785|press|'о'
2019-11-25 16:58:06,865|release|'о'
2019-11-25 16:58:06,939|press|'в'
2019-11-25 16:58:07,023|release|'в'
2019-11-25 16:58:07,093|press|Key.space
2019-11-25 16:58:07,169|release|Key.space
2019-11-25 16:58:08,196|press|Key.enter
2019-11-25 16:58:08,261|release|Key.enter
2019-11-25 16:58:12,946|press|Key.backspace
2019-11-25 16:58:13,007|release|Key.backspace
2019-11-25 16:58:14,137|press|Key.enter
2019-11-25 16:58:14,205|release|Key.enter
2019-11-25 16:58:29,314|press|Key.backspace
2019-11-25 16:58:29,415|release|Key.backspace
2019-11-25 16:58:30,166|press|Key.backspace
2019-11-25 16:58:30,214|release|Key.backspace
2019-11-25 16:58:31,466|release|<63>
2019-11-25 16:58:31,728|press|'я'
2019-11-25 16:58:31,882|release|<63>
2019-11-25 16:58:31,894|release|'я'
2019-11-25 16:58:37,020|press|Key.backspace
2019-11-25 16:58:37,152|release|Key.backspace
2019-11-25 16:58:39,812|press|Key.cmd
2019-11-25 16:58:40,103|press|'z'
2019-11-25 16:58:40,228|release|'z'
2019-11-25 16:58:40,376|release|Key.cmd
2019-11-25 16:58:40,607|press|Key.cmd
2019-11-25 16:58:40,703|press|'z'
2019-11-25 16:58:40,855|release|'z'
2019-11-25 16:58:41,127|press|'z'
2019-11-25 16:58:41,255|release|'z'
2019-11-25 16:58:41,903|press|'z'
2019-11-25 16:58:42,013|release|'z'
2019-11-25 16:58:42,615|release|Key.cmd
2019-11-25 16:58:43,335|press|Key.down
2019-11-25 16:58:43,423|release|Key.down
2019-11-25 16:58:44,693|press|Key.backspace
2019-11-25 16:58:44,775|release|Key.backspace
2019-11-25 16:58:45,819|press|Key.enter
2019-11-25 16:58:45,879|release|Key.enter
2019-11-25 16:58:57,411|press|Key.up
2019-11-25 16:58:57,502|release|Key.up
2019-11-25 16:59:07,928|press|Key.shift
2019-11-25 16:59:08,015|press|Key.tab
2019-11-25 16:59:08,156|release|Key.tab
2019-11-25 16:59:08,268|press|Key.tab
2019-11-25 16:59:08,599|release|Key.tab
2019-11-25 16:59:08,660|release|Key.shift
2019-11-25 16:59:08,979|press|Key.shift
2019-11-25 16:59:09,095|press|Key.tab
2019-11-25 16:59:09,227|release|Key.tab
2019-11-25 16:59:09,239|release|Key.shift
2019-11-25 16:59:10,364|press|Key.shift
2019-11-25 16:59:10,484|press|Key.tab
2019-11-25 16:59:10,620|release|Key.tab
2019-11-25 16:59:10,656|release|Key.shift
2019-11-25 16:59:13,674|press|Key.cmd
2019-11-25 16:59:13,953|press|'z'
2019-11-25 16:59:14,146|release|'z'
2019-11-25 16:59:14,746|press|'z'
2019-11-25 16:59:14,906|release|'z'
2019-11-25 16:59:15,114|release|Key.cmd
2019-11-25 16:59:16,724|press|Key.cmd
2019-11-25 16:59:16,944|press|'z'
2019-11-25 16:59:17,100|release|'z'
2019-11-25 16:59:17,880|release|Key.cmd
2019-11-25 16:59:22,168|press|Key.enter
2019-11-25 16:59:22,215|release|Key.enter
2019-11-25 16:59:24,749|press|Key.backspace
2019-11-25 16:59:24,857|release|Key.backspace
2019-11-25 16:59:26,834|press|Key.cmd
2019-11-25 16:59:27,639|release|Key.cmd
2019-11-25 16:59:27,685|press|Key.cmd
2019-11-25 16:59:28,017|press|'z'
2019-11-25 16:59:28,237|release|'z'
2019-11-25 16:59:28,637|press|Key.backspace
2019-11-25 16:59:28,753|release|Key.backspace
2019-11-25 16:59:29,118|release|Key.cmd
2019-11-25 16:59:31,456|press|Key.backspace
2019-11-25 16:59:31,536|release|Key.backspace
2019-11-25 16:59:32,819|press|Key.cmd
2019-11-25 16:59:33,477|press|'z'
2019-11-25 16:59:33,635|release|'z'
2019-11-25 16:59:33,791|release|Key.cmd
2019-11-25 16:59:34,938|press|Key.backspace
2019-11-25 16:59:35,021|release|Key.backspace
2019-11-25 16:59:36,195|press|Key.space
2019-11-25 16:59:36,265|release|Key.space
2019-11-25 16:59:36,553|press|Key.space
2019-11-25 16:59:36,613|release|Key.space
2019-11-25 16:59:36,941|press|Key.enter
2019-11-25 16:59:37,001|release|Key.enter
2019-11-25 16:59:37,832|press|Key.backspace
2019-11-25 16:59:37,944|release|Key.backspace
2019-11-25 16:59:51,192|press|Key.enter
2019-11-25 16:59:51,293|release|Key.enter
2019-11-25 17:00:12,112|press|'2'
2019-11-25 17:00:12,232|release|'2'
2019-11-25 17:00:12,398|press|Key.space
2019-11-25 17:00:12,482|release|Key.space
2019-11-25 17:00:13,635|press|'д'
2019-11-25 17:00:13,691|release|'д'
2019-11-25 17:00:13,825|press|'г'
2019-11-25 17:00:13,873|release|'г'
2019-11-25 17:00:14,091|press|Key.backspace
2019-11-25 17:00:14,211|release|Key.backspace
2019-11-25 17:00:14,250|press|'н'
2019-11-25 17:00:14,326|release|'н'
2019-11-25 17:00:14,701|press|'я'
2019-11-25 17:00:14,770|release|'я'
2019-11-25 17:00:15,003|press|Key.enter
2019-11-25 17:00:15,055|release|Key.enter
2019-11-25 17:00:17,143|press|'5'
2019-11-25 17:00:17,223|release|'5'
2019-11-25 17:00:17,477|press|'0'
2019-11-25 17:00:17,555|release|'0'
2019-11-25 17:00:17,590|press|Key.space
2019-11-25 17:00:17,670|release|Key.space
2019-11-25 17:00:18,216|press|'к'
2019-11-25 17:00:18,292|release|'к'
2019-11-25 17:00:18,537|press|'о'
2019-11-25 17:00:18,593|release|'о'
2019-11-25 17:00:18,818|press|'м'
2019-11-25 17:00:18,934|release|'м'
2019-11-25 17:00:18,951|press|'а'
2019-11-25 17:00:19,051|release|'а'
2019-11-25 17:00:19,292|press|'н'
2019-11-25 17:00:19,385|release|'н'
2019-11-25 17:00:19,873|press|'д'
2019-11-25 17:00:19,935|release|'д'
2019-11-25 17:00:21,084|press|Key.enter
2019-11-25 17:00:21,136|release|Key.enter
2019-11-25 17:00:22,930|press|'1'
2019-11-25 17:00:23,008|release|'1'
2019-11-25 17:00:23,228|press|'0'
2019-11-25 17:00:23,300|release|'0'
2019-11-25 17:00:23,413|press|'0'
2019-11-25 17:00:23,461|release|'0'
2019-11-25 17:00:24,001|press|Key.space
2019-11-25 17:00:24,085|release|Key.space
2019-11-25 17:00:25,187|press|'и'
2019-11-25 17:00:25,271|release|'и'
2019-11-25 17:00:25,386|press|'н'
2019-11-25 17:00:25,455|release|'н'
2019-11-25 17:00:25,917|press|'в'
2019-11-25 17:00:25,993|release|'в'
2019-11-25 17:00:26,122|press|'е'
2019-11-25 17:00:26,194|release|'е'
2019-11-25 17:00:26,347|press|'с'
2019-11-25 17:00:26,415|release|'с'
2019-11-25 17:00:26,569|press|'т'
2019-11-25 17:00:26,641|release|'т'
2019-11-25 17:00:26,765|press|'р'
2019-11-25 17:00:26,829|release|'р'
2019-11-25 17:00:26,878|press|'о'
2019-11-25 17:00:26,954|release|'о'
2019-11-25 17:00:27,210|press|'в'
2019-11-25 17:00:27,298|release|'в'
2019-11-25 17:00:27,879|press|Key.enter
2019-11-25 17:00:27,967|release|Key.enter
2019-11-25 17:00:38,782|press|'3'
2019-11-25 17:00:38,858|release|'3'
2019-11-25 17:00:39,246|press|Key.shift
2019-11-25 17:00:39,419|press|')'
2019-11-25 17:00:39,483|release|')'
2019-11-25 17:00:39,519|release|Key.shift
2019-11-25 17:00:40,700|press|Key.space
2019-11-25 17:00:40,792|release|Key.space
2019-11-25 17:00:41,343|press|Key.shift
2019-11-25 17:00:41,754|press|'М'
2019-11-25 17:00:41,799|release|Key.shift
2019-11-25 17:00:41,875|release|'м'
2019-11-25 17:00:42,033|press|'е'
2019-11-25 17:00:42,117|release|'е'
2019-11-25 17:00:42,429|press|'ж'
2019-11-25 17:00:42,510|release|'ж'
2019-11-25 17:00:42,928|press|'д'
2019-11-25 17:00:43,001|release|'д'
2019-11-25 17:00:43,045|press|'у'
2019-11-25 17:00:43,125|release|'у'
2019-11-25 17:00:43,391|press|'н'
2019-11-25 17:00:43,469|release|'н'
2019-11-25 17:00:43,870|press|'а'
2019-11-25 17:00:43,950|release|'а'
2019-11-25 17:00:44,871|press|'р'
2019-11-25 17:00:44,943|release|'р'
2019-11-25 17:00:45,002|press|'о'
2019-11-25 17:00:45,062|release|'о'
2019-11-25 17:00:45,388|press|'д'
2019-11-25 17:00:45,468|release|'д'
2019-11-25 17:00:45,673|press|'н'
2019-11-25 17:00:45,778|release|'н'
2019-11-25 17:00:46,150|press|'ф'
2019-11-25 17:00:46,226|release|'ф'
2019-11-25 17:00:46,595|press|Key.backspace
2019-11-25 17:00:46,715|release|Key.backspace
2019-11-25 17:00:46,813|press|'ы'
2019-11-25 17:00:46,882|release|'ы'
2019-11-25 17:00:47,016|press|'й'
2019-11-25 17:00:47,080|release|'й'
2019-11-25 17:00:47,103|press|Key.space
2019-11-25 17:00:47,188|release|Key.space
2019-11-25 17:00:48,460|press|'ф'
2019-11-25 17:00:48,547|release|'ф'
2019-11-25 17:00:48,809|press|'о'
2019-11-25 17:00:48,885|release|'о'
2019-11-25 17:00:48,985|press|'р'
2019-11-25 17:00:49,050|release|'р'
2019-11-25 17:00:49,561|press|'у'
2019-11-25 17:00:49,633|release|'у'
2019-11-25 17:00:49,848|press|'м'
2019-11-25 17:00:49,917|release|'м'
2019-11-25 17:00:49,971|press|Key.space
2019-11-25 17:00:50,032|release|Key.space
2019-11-25 17:00:52,147|press|'/'
2019-11-25 17:00:52,268|release|'/'
2019-11-25 17:00:52,596|press|Key.backspace
2019-11-25 17:00:52,709|release|Key.backspace
2019-11-25 17:00:52,920|press|Key.shift
2019-11-25 17:00:53,887|press|'"'
2019-11-25 17:00:54,023|release|'"'
2019-11-25 17:00:54,085|press|'"'
2019-11-25 17:00:54,231|release|'"'
2019-11-25 17:00:54,625|release|Key.shift
2019-11-25 17:00:54,964|press|Key.left
2019-11-25 17:00:55,061|release|Key.left
2019-11-25 17:00:55,179|press|Key.shift
2019-11-25 17:00:55,602|press|'И'
2019-11-25 17:00:55,655|release|Key.shift
2019-11-25 17:00:55,751|release|'и'
2019-11-25 17:00:56,903|press|'н'
2019-11-25 17:00:56,986|release|'н'
2019-11-25 17:00:57,578|press|'ф'
2019-11-25 17:00:57,679|release|'ф'
2019-11-25 17:00:58,021|press|'о'
2019-11-25 17:00:58,094|release|'о'
2019-11-25 17:00:58,154|press|'р'
2019-11-25 17:00:58,259|release|'р'
2019-11-25 17:00:58,427|press|'м'
2019-11-25 17:00:58,532|release|'м'
2019-11-25 17:00:58,597|press|'а'
2019-11-25 17:00:58,666|release|'а'
2019-11-25 17:00:59,047|press|'ц'
2019-11-25 17:00:59,131|release|'ц'
2019-11-25 17:00:59,385|press|'и'
2019-11-25 17:00:59,469|release|'и'
2019-11-25 17:00:59,879|press|'о'
2019-11-25 17:00:59,952|release|'о'
2019-11-25 17:01:00,235|press|'н'
2019-11-25 17:01:00,288|release|'н'
2019-11-25 17:01:00,359|press|'н'
2019-11-25 17:01:00,448|release|'н'
2019-11-25 17:01:01,044|press|'а'
2019-11-25 17:01:01,149|release|'а'
2019-11-25 17:01:01,354|press|'я'
2019-11-25 17:01:01,431|release|'я'
2019-11-25 17:01:01,510|press|Key.space
2019-11-25 17:01:01,579|release|Key.space
2019-11-25 17:01:02,818|press|'б'
2019-11-25 17:01:02,920|release|'б'
2019-11-25 17:01:02,951|press|'е'
2019-11-25 17:01:03,036|release|'е'
2019-11-25 17:01:03,452|press|'з'
2019-11-25 17:01:03,513|release|'з'
2019-11-25 17:01:03,998|press|'о'
2019-11-25 17:01:04,067|release|'о'
2019-11-25 17:01:04,261|press|'п'
2019-11-25 17:01:04,354|release|'п'
2019-11-25 17:01:04,667|press|'а'
2019-11-25 17:01:04,755|release|'а'
2019-11-25 17:01:04,933|press|'с'
2019-11-25 17:01:05,026|release|'с'
2019-11-25 17:01:05,250|press|'н'
2019-11-25 17:01:05,322|release|'н'
2019-11-25 17:01:05,388|press|'о'
2019-11-25 17:01:05,465|release|'о'
2019-11-25 17:01:06,238|press|'с'
2019-11-25 17:01:06,331|release|'с'
2019-11-25 17:01:06,465|press|'т'
2019-11-25 17:01:06,514|release|'т'
2019-11-25 17:01:06,574|press|'ь'
2019-11-25 17:01:06,679|release|'ь'
2019-11-25 17:01:08,201|press|Key.right
2019-11-25 17:01:08,318|release|Key.right
2019-11-25 17:01:09,509|press|Key.space
2019-11-25 17:01:09,612|release|Key.space
2019-11-25 17:01:10,133|press|Key.left
2019-11-25 17:01:10,261|release|Key.left
2019-11-25 17:01:10,569|press|Key.left
2019-11-25 17:01:10,653|release|Key.left
2019-11-25 17:01:10,839|press|Key.space
2019-11-25 17:01:10,919|release|Key.space
2019-11-25 17:01:11,272|press|'в'
2019-11-25 17:01:11,332|release|'в'
2019-11-25 17:01:11,406|press|Key.space
2019-11-25 17:01:11,462|release|Key.space
2019-11-25 17:01:11,815|press|'м'
2019-11-25 17:01:11,880|release|'м'
2019-11-25 17:01:12,022|press|'е'
2019-11-25 17:01:12,102|release|'е'
2019-11-25 17:01:12,783|press|'д'
2019-11-25 17:01:12,851|release|'д'
2019-11-25 17:01:13,168|press|'и'
2019-11-25 17:01:13,247|release|'и'
2019-11-25 17:01:13,616|press|'ц'
2019-11-25 17:01:13,697|release|'ц'
2019-11-25 17:01:13,883|press|'и'
2019-11-25 17:01:13,979|release|'и'
2019-11-25 17:01:14,149|press|'н'
2019-11-25 17:01:14,313|release|'н'
2019-11-25 17:01:14,335|press|'е'
2019-11-25 17:01:14,447|release|'е'
2019-11-25 17:01:14,523|press|Key.space
2019-11-25 17:01:14,548|release|Key.space
2019-11-25 17:01:17,229|press|Key.right
2019-11-25 17:01:17,353|release|Key.right
2019-11-25 17:01:18,968|press|Key.enter
2019-11-25 17:01:19,048|release|Key.enter
2019-11-25 17:01:19,838|press|Key.backspace
2019-11-25 17:01:19,929|release|Key.backspace
2019-11-25 17:01:24,664|press|Key.backspace
2019-11-25 17:01:24,764|release|Key.backspace
2019-11-25 17:01:26,024|press|Key.enter
2019-11-25 17:01:26,099|release|Key.enter
2019-11-25 17:01:33,006|press|'3'
2019-11-25 17:01:33,086|release|'3'
2019-11-25 17:01:33,890|press|Key.shift
2019-11-25 17:01:34,218|press|')'
2019-11-25 17:01:34,294|release|')'
2019-11-25 17:01:34,362|release|Key.shift
2019-11-25 17:01:37,458|press|Key.enter
2019-11-25 17:01:37,502|release|Key.enter
2019-11-25 17:01:44,778|press|'4'
2019-11-25 17:01:44,886|release|'4'
2019-11-25 17:01:46,117|press|'7'
2019-11-25 17:01:46,196|release|'7'
2019-11-25 17:01:46,218|press|Key.space
2019-11-25 17:01:46,298|release|Key.space
2019-11-25 17:01:47,031|press|'с'
2019-11-25 17:01:47,091|release|'с'
2019-11-25 17:01:47,459|press|'т'
2019-11-25 17:01:47,524|release|'т'
2019-11-25 17:01:47,600|press|'р'
2019-11-25 17:01:47,661|release|'р'
2019-11-25 17:01:47,957|press|'а'
2019-11-25 17:01:48,049|release|'а'
2019-11-25 17:01:48,240|press|'н'
2019-11-25 17:01:48,337|release|'н'
2019-11-25 17:01:48,339|press|Key.space
2019-11-25 17:01:48,448|release|Key.space
2019-11-25 17:01:48,927|press|Key.enter
2019-11-25 17:01:48,984|release|Key.enter
2019-11-25 17:01:50,874|press|Key.down
2019-11-25 17:01:51,027|release|Key.down
2019-11-25 17:01:51,212|press|Key.down
2019-11-25 17:01:51,714|press|Key.down
2019-11-25 17:01:51,798|press|Key.down
2019-11-25 17:01:51,882|press|Key.down
2019-11-25 17:01:51,966|press|Key.down
2019-11-25 17:01:52,050|press|Key.down
2019-11-25 17:01:52,135|press|Key.down
2019-11-25 17:01:52,219|press|Key.down
2019-11-25 17:01:52,303|press|Key.down
2019-11-25 17:01:52,317|release|Key.down
2019-11-25 17:01:53,066|press|Key.up
2019-11-25 17:01:53,203|release|Key.up
2019-11-25 17:01:53,309|press|Key.up
2019-11-25 17:01:53,402|release|Key.up
2019-11-25 17:01:53,488|press|Key.up
2019-11-25 17:01:53,597|release|Key.up
2019-11-25 17:01:53,725|press|Key.up
2019-11-25 17:01:53,782|release|Key.up
2019-11-25 17:01:54,101|press|Key.up
2019-11-25 17:01:54,218|release|Key.up
2019-11-25 17:01:55,685|press|Key.enter
2019-11-25 17:01:55,691|release|Key.enter
2019-11-25 17:01:56,077|press|Key.enter
2019-11-25 17:01:56,153|release|Key.enter
2019-11-25 17:01:56,258|press|Key.enter
2019-11-25 17:01:56,334|release|Key.enter
2019-11-25 17:01:56,438|press|Key.enter
2019-11-25 17:01:56,535|release|Key.enter
2019-11-25 17:01:56,998|press|Key.up
2019-11-25 17:01:57,039|release|Key.up
2019-11-25 17:01:57,258|press|Key.up
2019-11-25 17:01:57,366|release|Key.up
2019-11-25 17:01:57,551|press|Key.up
2019-11-25 17:01:57,664|release|Key.up
2019-11-25 17:01:57,825|press|Key.up
2019-11-25 17:01:57,889|release|Key.up
2019-11-25 17:01:58,549|press|Key.right
2019-11-25 17:01:59,051|press|Key.right
2019-11-25 17:01:59,135|press|Key.right
2019-11-25 17:01:59,219|press|Key.right
2019-11-25 17:01:59,257|release|Key.right
2019-11-25 17:01:59,450|press|Key.right
2019-11-25 17:01:59,539|release|Key.right
2019-11-25 17:01:59,674|press|Key.right
2019-11-25 17:01:59,767|release|Key.right
2019-11-25 17:01:59,880|press|Key.right
2019-11-25 17:01:59,960|release|Key.right
2019-11-25 17:02:00,052|press|Key.right
2019-11-25 17:02:00,153|release|Key.right
2019-11-25 17:02:00,608|press|Key.enter
2019-11-25 17:02:00,628|release|Key.enter
2019-11-25 17:02:02,523|press|'3'
2019-11-25 17:02:02,609|release|'3'
2019-11-25 17:02:02,673|press|Key.space
2019-11-25 17:02:02,738|release|Key.space
2019-11-25 17:02:04,175|press|'д'
2019-11-25 17:02:04,232|release|'д'
2019-11-25 17:02:04,313|press|'н'
2019-11-25 17:02:04,378|release|'н'
2019-11-25 17:02:04,758|press|'я'
2019-11-25 17:02:04,845|release|'я'
2019-11-25 17:02:04,845|press|Key.space
2019-11-25 17:02:04,905|release|Key.space
2019-11-25 17:02:05,159|press|Key.enter
2019-11-25 17:02:05,244|release|Key.enter
2019-11-25 17:02:06,646|press|'4'
2019-11-25 17:02:06,714|release|'4'
2019-11-25 17:02:06,752|press|Key.space
2019-11-25 17:02:06,820|release|Key.space
2019-11-25 17:02:06,986|press|'п'
2019-11-25 17:02:07,079|release|'п'
2019-11-25 17:02:07,173|press|'р'
2019-11-25 17:02:07,201|release|'р'
2019-11-25 17:02:07,587|press|Key.backspace
2019-11-25 17:02:07,703|release|Key.backspace
2019-11-25 17:02:07,858|press|'л'
2019-11-25 17:02:07,886|release|'л'
2019-11-25 17:02:07,936|press|'о'
2019-11-25 17:02:08,052|release|'о'
2019-11-25 17:02:08,432|press|'щ'
2019-11-25 17:02:08,488|release|'щ'
2019-11-25 17:02:08,876|press|'а'
2019-11-25 17:02:08,944|release|'а'
2019-11-25 17:02:09,274|press|'д'
2019-11-25 17:02:09,382|release|'д'
2019-11-25 17:02:09,785|press|'к'
2019-11-25 17:02:09,869|release|'к'
2019-11-25 17:02:10,109|press|'и'
2019-11-25 17:02:10,197|release|'и'
2019-11-25 17:02:11,732|press|Key.enter
2019-11-25 17:02:11,784|release|Key.enter
2019-11-25 17:02:17,496|press|'ё'
2019-11-25 17:02:17,564|release|'ё'
2019-11-25 17:02:18,004|press|Key.backspace
2019-11-25 17:02:18,096|release|Key.backspace
2019-11-25 17:02:18,234|press|Key.backspace
2019-11-25 17:02:18,306|release|Key.backspace
2019-11-25 17:02:21,958|press|Key.down
2019-11-25 17:02:22,459|press|Key.down
2019-11-25 17:02:22,544|press|Key.down
2019-11-25 17:02:22,628|press|Key.down
2019-11-25 17:02:22,711|press|Key.down
2019-11-25 17:02:22,796|press|Key.down
2019-11-25 17:02:22,879|press|Key.down
2019-11-25 17:02:22,963|press|Key.down
2019-11-25 17:02:23,048|press|Key.down
2019-11-25 17:02:23,132|press|Key.down
2019-11-25 17:02:23,215|press|Key.down
2019-11-25 17:02:23,299|press|Key.down
2019-11-25 17:02:23,383|press|Key.down
2019-11-25 17:02:23,467|press|Key.down
2019-11-25 17:02:23,551|press|Key.down
2019-11-25 17:02:23,635|press|Key.down
2019-11-25 17:02:23,718|press|Key.down
2019-11-25 17:02:23,802|press|Key.down
2019-11-25 17:02:23,887|press|Key.down
2019-11-25 17:02:23,942|release|Key.down
2019-11-25 17:02:24,117|press|Key.down
2019-11-25 17:02:24,293|release|Key.down
2019-11-25 17:02:24,409|press|Key.down
2019-11-25 17:02:24,497|release|Key.down
2019-11-25 17:02:40,365|press|Key.up
2019-11-25 17:02:40,866|press|Key.up
2019-11-25 17:02:40,950|press|Key.up
2019-11-25 17:02:41,034|press|Key.up
2019-11-25 17:02:41,118|press|Key.up
2019-11-25 17:02:41,202|press|Key.up
2019-11-25 17:02:41,286|press|Key.up
2019-11-25 17:02:41,370|press|Key.up
2019-11-25 17:02:41,454|press|Key.up
2019-11-25 17:02:41,537|release|Key.up
2019-11-25 17:02:45,523|press|Key.down
2019-11-25 17:02:46,024|press|Key.down
2019-11-25 17:02:46,109|press|Key.down
2019-11-25 17:02:46,193|press|Key.down
2019-11-25 17:02:46,277|press|Key.down
2019-11-25 17:02:46,361|press|Key.down
2019-11-25 17:02:46,412|release|Key.down
2019-11-25 17:02:46,630|press|Key.down
2019-11-25 17:02:46,762|release|Key.down
2019-11-25 17:02:46,901|press|Key.down
2019-11-25 17:02:47,006|release|Key.down
2019-11-25 17:02:47,741|press|Key.down
2019-11-25 17:02:48,242|press|Key.down
2019-11-25 17:02:48,326|press|Key.down
2019-11-25 17:02:48,410|press|Key.down
2019-11-25 17:02:48,461|release|Key.down
2019-11-25 17:02:48,721|press|Key.down
2019-11-25 17:02:48,876|release|Key.down
2019-11-25 17:02:49,034|press|Key.down
2019-11-25 17:02:49,131|release|Key.down
2019-11-25 17:02:49,511|press|Key.up
2019-11-25 17:02:49,628|release|Key.up
2019-11-25 17:02:50,864|press|Key.shift
2019-11-25 17:02:51,043|press|'О'
2019-11-25 17:02:51,100|release|Key.shift
2019-11-25 17:02:51,128|release|'о'
2019-11-25 17:02:51,368|press|'р'
2019-11-25 17:02:51,444|release|'р'
2019-11-25 17:02:51,927|press|'г'
2019-11-25 17:02:51,956|release|'г'
2019-11-25 17:02:52,045|press|'а'
2019-11-25 17:02:52,138|release|'а'
2019-11-25 17:02:52,284|press|'н'
2019-11-25 17:02:52,365|release|'н'
2019-11-25 17:02:52,618|press|'и'
2019-11-25 17:02:52,691|release|'и'
2019-11-25 17:02:53,114|press|'з'
2019-11-25 17:02:53,159|release|'з'
2019-11-25 17:02:53,373|press|'а'
2019-11-25 17:02:53,462|release|'а'
2019-11-25 17:02:53,890|press|'у'
2019-11-25 17:02:53,964|release|'у'
2019-11-25 17:02:54,198|press|Key.backspace
2019-11-25 17:02:54,291|release|Key.backspace
2019-11-25 17:02:54,364|press|'ц'
2019-11-25 17:02:54,449|release|'ц'
2019-11-25 17:02:54,648|press|'и'
2019-11-25 17:02:54,741|release|'и'
2019-11-25 17:02:54,969|press|'о'
2019-11-25 17:02:55,045|release|'о'
2019-11-25 17:02:55,299|press|'н'
2019-11-25 17:02:55,364|release|'н'
2019-11-25 17:02:55,427|press|'н'
2019-11-25 17:02:55,508|release|'н'
2019-11-25 17:02:55,910|press|'ы'
2019-11-25 17:02:55,999|release|'ы'
2019-11-25 17:02:56,708|press|'к'
2019-11-25 17:02:56,800|release|'к'
2019-11-25 17:02:57,097|press|Key.backspace
2019-11-25 17:02:57,222|release|Key.backspace
2019-11-25 17:02:57,299|press|'е'
2019-11-25 17:02:57,388|release|'е'
2019-11-25 17:02:57,474|press|Key.space
2019-11-25 17:02:57,559|release|Key.space
2019-11-25 17:02:58,548|press|'м'
2019-11-25 17:02:58,624|release|'м'
2019-11-25 17:02:58,748|press|'е'
2019-11-25 17:02:58,845|release|'е'
2019-11-25 17:02:58,946|press|'р'
2019-11-25 17:02:59,015|release|'р'
2019-11-25 17:02:59,280|press|'о'
2019-11-25 17:02:59,364|release|'о'
2019-11-25 17:02:59,511|press|'п'
2019-11-25 17:02:59,584|release|'п'
2019-11-25 17:02:59,818|press|'р'
2019-11-25 17:02:59,883|release|'р'
2019-11-25 17:02:59,987|press|'и'
2019-11-25 17:03:00,056|release|'и'
2019-11-25 17:03:00,448|press|'я'
2019-11-25 17:03:00,517|release|'я'
2019-11-25 17:03:00,801|press|'т'
2019-11-25 17:03:00,890|release|'т'
2019-11-25 17:03:00,952|press|'и'
2019-11-25 17:03:01,032|release|'и'
2019-11-25 17:03:01,368|press|'я'
2019-11-25 17:03:01,457|release|'я'
2019-11-25 17:03:01,470|press|Key.space
2019-11-25 17:03:01,522|release|Key.space
2019-11-25 17:03:02,165|press|'в'
2019-11-25 17:03:02,246|release|'в'
2019-11-25 17:03:02,269|press|Key.space
2019-11-25 17:03:02,334|release|Key.space
2019-11-25 17:03:05,678|press|'2'
2019-11-25 17:03:05,767|release|'2'
2019-11-25 17:03:05,960|press|'0'
2019-11-25 17:03:06,036|release|'0'
2019-11-25 17:03:06,141|press|'1'
2019-11-25 17:03:06,229|release|'1'
2019-11-25 17:03:06,637|press|'8'
2019-11-25 17:03:06,725|release|'8'
2019-11-25 17:03:07,278|press|Key.space
2019-11-25 17:03:07,398|release|Key.space
2019-11-25 17:03:07,571|press|'г'
2019-11-25 17:03:07,652|release|'г'
2019-11-25 17:03:07,685|press|'о'
2019-11-25 17:03:07,785|release|'о'
2019-11-25 17:03:08,149|press|'д'
2019-11-25 17:03:08,205|release|'д'
2019-11-25 17:03:08,298|press|'у'
2019-11-25 17:03:08,382|release|'у'
2019-11-25 17:03:09,463|press|Key.shift
2019-11-25 17:03:09,556|release|Key.shift
2019-11-25 17:03:09,876|press|Key.cmd
2019-11-25 17:03:10,015|press|Key.space
2019-11-25 17:03:10,063|release|Key.cmd
2019-11-25 17:03:10,135|release|Key.space
2019-11-25 17:03:10,315|press|Key.shift
2019-11-25 17:03:10,467|press|':'
2019-11-25 17:03:10,559|release|':'
2019-11-25 17:03:10,572|release|Key.shift
2019-11-25 17:03:11,559|press|Key.cmd
2019-11-25 17:03:11,682|press|Key.space
2019-11-25 17:03:11,726|release|Key.cmd
2019-11-25 17:03:11,794|release|Key.space
2019-11-25 17:03:12,043|press|Key.enter
2019-11-25 17:03:12,077|release|Key.enter
2019-11-25 17:03:13,660|press|'1'
2019-11-25 17:03:13,756|release|'1'
2019-11-25 17:03:14,002|press|Key.shift
2019-11-25 17:03:14,122|press|')'
2019-11-25 17:03:14,178|release|')'
2019-11-25 17:03:14,195|release|Key.shift
2019-11-25 17:03:16,633|press|Key.shift
2019-11-25 17:03:16,817|press|Key.cmd
2019-11-25 17:03:16,881|release|Key.shift
2019-11-25 17:03:16,965|release|Key.cmd
2019-11-25 17:03:17,585|press|Key.cmd
2019-11-25 17:03:17,696|press|Key.space
2019-11-25 17:03:17,761|release|Key.cmd
2019-11-25 17:03:17,825|release|Key.space
2019-11-25 17:03:18,070|press|Key.shift
2019-11-25 17:03:18,754|press|'T'
2019-11-25 17:03:18,779|release|Key.shift
2019-11-25 17:03:18,826|release|'t'
2019-11-25 17:03:19,350|press|Key.backspace
2019-11-25 17:03:19,450|release|Key.backspace
2019-11-25 17:03:19,960|press|Key.cmd
2019-11-25 17:03:20,252|press|Key.space
2019-11-25 17:03:20,404|release|Key.cmd
2019-11-25 17:03:20,412|release|Key.space
2019-11-25 17:03:20,676|press|Key.shift
2019-11-25 17:03:20,904|release|Key.shift
2019-11-25 17:03:21,008|press|Key.shift
2019-11-25 17:03:21,388|press|'Е'
2019-11-25 17:03:21,432|release|Key.shift
2019-11-25 17:03:21,500|release|'е'
2019-11-25 17:03:22,716|press|'ж'
2019-11-25 17:03:22,808|release|'ж'
2019-11-25 17:03:22,823|press|'е'
2019-11-25 17:03:22,927|release|'е'
2019-11-25 17:03:23,043|press|'г'
2019-11-25 17:03:23,119|release|'г'
2019-11-25 17:03:23,186|press|'о'
2019-11-25 17:03:23,254|release|'о'
2019-11-25 17:03:23,661|press|'д'
2019-11-25 17:03:23,745|release|'д'
2019-11-25 17:03:23,992|press|'н'
2019-11-25 17:03:24,064|release|'н'
2019-11-25 17:03:24,495|press|'ы'
2019-11-25 17:03:24,575|release|'ы'
2019-11-25 17:03:24,700|press|'й'
2019-11-25 17:03:24,784|release|'й'
2019-11-25 17:03:24,848|press|Key.space
2019-11-25 17:03:24,924|release|Key.space
2019-11-25 17:03:25,113|press|'м'
2019-11-25 17:03:25,229|release|'м'
2019-11-25 17:03:25,460|press|'е'
2019-11-25 17:03:25,556|release|'е'
2019-11-25 17:03:25,918|press|'ж'
2019-11-25 17:03:25,994|release|'ж'
2019-11-25 17:03:26,110|press|'д'
2019-11-25 17:03:26,194|release|'д'
2019-11-25 17:03:26,526|press|'у'
2019-11-25 17:03:26,610|release|'у'
2019-11-25 17:03:26,779|press|'н'
2019-11-25 17:03:26,859|release|'н'
2019-11-25 17:03:27,218|press|'а'
2019-11-25 17:03:27,287|release|'а'
2019-11-25 17:03:27,415|press|'р'
2019-11-25 17:03:27,495|release|'р'
2019-11-25 17:03:27,531|press|'о'
2019-11-25 17:03:27,591|release|'о'
2019-11-25 17:03:28,017|press|'д'
2019-11-25 17:03:28,104|release|'д'
2019-11-25 17:03:28,605|press|'н'
2019-11-25 17:03:28,674|release|'н'
2019-11-25 17:03:29,613|press|'ы'
2019-11-25 17:03:29,693|release|'ы'
2019-11-25 17:03:29,823|press|'й'
2019-11-25 17:03:29,903|release|'й'
2019-11-25 17:03:29,964|press|Key.space
2019-11-25 17:03:30,044|release|Key.space
2019-11-25 17:03:30,456|press|'к'
2019-11-25 17:03:30,560|release|'к'
2019-11-25 17:03:30,737|press|'о'
2019-11-25 17:03:30,805|release|'о'
2019-11-25 17:03:30,949|press|'г'
2019-11-25 17:03:31,026|release|'г'
2019-11-25 17:03:31,763|press|Key.backspace
2019-11-25 17:03:31,843|release|Key.backspace
2019-11-25 17:03:31,938|press|'н'
2019-11-25 17:03:32,006|release|'н'
2019-11-25 17:03:32,437|press|'к'
2019-11-25 17:03:32,526|release|'к'
2019-11-25 17:03:33,101|press|'у'
2019-11-25 17:03:33,173|release|'у'
2019-11-25 17:03:33,567|press|'р'
2019-11-25 17:03:33,643|release|'р'
2019-11-25 17:03:33,881|press|'с'
2019-11-25 17:03:33,964|release|'с'
2019-11-25 17:03:33,993|press|Key.space
2019-11-25 17:03:34,053|release|Key.space
2019-11-25 17:03:37,078|press|Key.shift
2019-11-25 17:03:38,221|press|'"'
2019-11-25 17:03:38,301|release|'"'
2019-11-25 17:03:38,397|press|'"'
2019-11-25 17:03:38,525|release|'"'
2019-11-25 17:03:38,537|release|Key.shift
2019-11-25 17:03:40,746|press|Key.left
2019-11-25 17:03:40,814|release|Key.left
2019-11-25 17:03:41,070|press|Key.shift
2019-11-25 17:03:43,331|press|'Ю'
2019-11-25 17:03:43,361|release|Key.shift
2019-11-25 17:03:43,374|release|'ю'
2019-11-25 17:03:44,007|press|'н'
2019-11-25 17:03:44,100|release|'н'
2019-11-25 17:03:44,247|press|'в'
2019-11-25 17:03:44,332|release|'в'
2019-11-25 17:03:44,495|press|'й'
2019-11-25 17:03:44,588|release|'й'
2019-11-25 17:03:44,644|press|Key.space
2019-11-25 17:03:44,693|release|Key.space
2019-11-25 17:03:45,338|press|'г'
2019-11-25 17:03:45,403|release|'г'
2019-11-25 17:03:45,495|press|'е'
2019-11-25 17:03:45,576|release|'е'
2019-11-25 17:03:45,668|press|'н'
2019-11-25 17:03:45,764|release|'н'
2019-11-25 17:03:45,892|press|'и'
2019-11-25 17:03:45,970|release|'и'
2019-11-25 17:03:46,363|press|'й'
2019-11-25 17:03:46,460|release|'й'
2019-11-25 17:03:47,234|press|Key.left
2019-11-25 17:03:47,736|press|Key.left
2019-11-25 17:03:47,820|press|Key.left
2019-11-25 17:03:47,904|press|Key.left
2019-11-25 17:03:47,989|press|Key.left
2019-11-25 17:03:48,023|release|Key.left
2019-11-25 17:03:48,268|press|Key.left
2019-11-25 17:03:48,339|release|Key.left
2019-11-25 17:03:48,453|press|Key.left
2019-11-25 17:03:48,538|release|Key.left
2019-11-25 17:03:48,728|press|Key.left
2019-11-25 17:03:48,769|release|Key.left
2019-11-25 17:03:49,193|press|Key.right
2019-11-25 17:03:49,322|release|Key.right
2019-11-25 17:03:50,341|press|Key.backspace
2019-11-25 17:03:50,397|release|Key.backspace
2019-11-25 17:03:50,405|press|'ы'
2019-11-25 17:03:50,474|release|'ы'
2019-11-25 17:03:50,960|press|Key.right
2019-11-25 17:03:51,462|press|Key.right
2019-11-25 17:03:51,546|press|Key.right
2019-11-25 17:03:51,629|press|Key.right
2019-11-25 17:03:51,714|press|Key.right
2019-11-25 17:03:51,728|release|Key.right
2019-11-25 17:03:51,941|press|Key.right
2019-11-25 17:03:52,065|release|Key.right
2019-11-25 17:03:52,175|press|Key.right
2019-11-25 17:03:52,303|release|Key.right
2019-11-25 17:03:52,455|press|Key.right
2019-11-25 17:03:52,551|release|Key.right
2019-11-25 17:03:52,868|press|Key.space
2019-11-25 17:03:52,912|release|Key.space
2019-11-25 17:03:55,468|press|'п'
2019-11-25 17:03:55,556|press|'р'
2019-11-25 17:03:55,573|release|'п'
2019-11-25 17:03:55,664|release|'р'
2019-11-25 17:03:55,739|press|'и'
2019-11-25 17:03:55,828|release|'и'
2019-11-25 17:03:55,885|press|Key.space
2019-11-25 17:03:55,978|release|Key.space
2019-11-25 17:03:56,703|press|'п'
2019-11-25 17:03:56,795|press|'р'
2019-11-25 17:03:56,799|release|'п'
2019-11-25 17:03:56,916|release|'р'
2019-11-25 17:03:57,063|press|'о'
2019-11-25 17:03:57,147|release|'о'
2019-11-25 17:03:57,649|press|'д'
2019-11-25 17:03:57,710|release|'д'
2019-11-25 17:03:58,699|press|'а'
2019-11-25 17:03:58,784|release|'а'
2019-11-25 17:03:58,853|press|'ж'
2019-11-25 17:03:58,953|release|'ж'
2019-11-25 17:03:59,074|press|'е'
2019-11-25 17:03:59,171|release|'е'
2019-11-25 17:03:59,287|press|Key.space
2019-11-25 17:03:59,387|release|Key.space
2019-11-25 17:04:03,881|press|Key.right
2019-11-25 17:04:04,306|release|Key.right
2019-11-25 17:04:11,612|press|Key.backspace
2019-11-25 17:04:11,748|release|Key.backspace
2019-11-25 17:04:11,880|press|Key.backspace
2019-11-25 17:04:11,979|release|Key.backspace
2019-11-25 17:04:12,077|press|Key.backspace
2019-11-25 17:04:12,181|release|Key.backspace
2019-11-25 17:04:12,315|press|Key.backspace
2019-11-25 17:04:12,403|release|Key.backspace
2019-11-25 17:04:13,007|press|Key.backspace
2019-11-25 17:04:13,067|release|Key.backspace
2019-11-25 17:04:13,189|press|Key.backspace
2019-11-25 17:04:13,241|release|Key.backspace
2019-11-25 17:04:13,400|press|Key.backspace
2019-11-25 17:04:13,464|release|Key.backspace
2019-11-25 17:04:15,618|press|'о'
2019-11-25 17:04:15,703|release|'о'
2019-11-25 17:04:15,872|press|'д'
2019-11-25 17:04:15,956|release|'д'
2019-11-25 17:04:16,029|press|'д'
2019-11-25 17:04:16,093|release|'д'
2019-11-25 17:04:16,888|press|'е'
2019-11-25 17:04:16,970|release|'е'
2019-11-25 17:04:18,228|press|'р'
2019-11-25 17:04:18,307|release|'р'
2019-11-25 17:04:18,594|press|'ж'
2019-11-25 17:04:18,666|release|'ж'
2019-11-25 17:04:19,021|press|'к'
2019-11-25 17:04:19,157|release|'к'
2019-11-25 17:04:19,169|press|'е'
2019-11-25 17:04:19,285|release|'е'
2019-11-25 17:04:19,286|press|Key.space
2019-11-25 17:04:19,366|release|Key.space
2019-11-25 17:04:20,364|press|Key.shift
2019-11-25 17:04:20,464|press|Key.cmd
2019-11-25 17:04:20,528|release|Key.shift
2019-11-25 17:04:20,576|release|Key.cmd
2019-11-25 17:04:20,696|press|Key.shift
2019-11-25 17:04:21,392|release|Key.shift
2019-11-25 17:04:21,778|press|Key.shift
2019-11-25 17:04:22,038|press|'Щ'
2019-11-25 17:04:22,118|release|'Щ'
2019-11-25 17:04:22,194|press|'Щ'
2019-11-25 17:04:22,270|release|'Щ'
2019-11-25 17:04:22,674|press|Key.backspace
2019-11-25 17:04:22,682|release|Key.shift
2019-11-25 17:04:22,798|release|Key.backspace
2019-11-25 17:04:22,887|press|Key.backspace
2019-11-25 17:04:22,975|release|Key.backspace
2019-11-25 17:04:25,227|press|Key.shift
2019-11-25 17:04:26,123|press|'О'
2019-11-25 17:04:26,167|release|'О'
2019-11-25 17:04:26,291|press|'О'
2019-11-25 17:04:26,323|release|'О'
2019-11-25 17:04:26,723|press|'Н'
2019-11-25 17:04:26,799|release|'Н'
2019-11-25 17:04:26,948|release|Key.shift
2019-11-25 17:04:28,337|press|Key.enter
2019-11-25 17:04:28,397|release|Key.enter
2019-11-25 17:04:34,937|press|'4'
2019-11-25 17:04:35,009|release|'4'
2019-11-25 17:04:35,083|press|Key.space
2019-11-25 17:04:35,155|release|Key.space
2019-11-25 17:04:36,990|press|'д'
2019-11-25 17:04:37,069|release|'д'
2019-11-25 17:04:37,319|press|'н'
2019-11-25 17:04:37,375|release|'н'
2019-11-25 17:04:37,768|press|'я'
2019-11-25 17:04:37,848|release|'я'
2019-11-25 17:04:37,934|press|Key.space
2019-11-25 17:04:38,018|release|Key.space
2019-11-25 17:04:38,521|press|Key.enter
2019-11-25 17:04:38,533|release|Key.enter
2019-11-25 17:04:40,034|press|Key.shift
2019-11-25 17:04:40,298|press|'С'
2019-11-25 17:04:40,391|release|Key.shift
2019-11-25 17:04:40,434|release|'с'
2019-11-25 17:04:40,553|press|'а'
2019-11-25 17:04:40,626|release|'а'
2019-11-25 17:04:40,735|press|'м'
2019-11-25 17:04:40,840|release|'м'
2019-11-25 17:04:40,941|press|'а'
2019-11-25 17:04:41,026|release|'а'
2019-11-25 17:04:41,391|press|'я'
2019-11-25 17:04:41,476|release|'я'
2019-11-25 17:04:41,558|press|Key.space
2019-11-25 17:04:41,619|release|Key.space
2019-11-25 17:04:41,772|press|'к'
2019-11-25 17:04:41,857|release|'к'
2019-11-25 17:04:42,477|press|'р'
2019-11-25 17:04:42,538|release|'р'
2019-11-25 17:04:42,613|press|'у'
2019-11-25 17:04:42,690|release|'у'
2019-11-25 17:04:43,077|press|'п'
2019-11-25 17:04:43,157|release|'п'
2019-11-25 17:04:43,296|press|'н'
2019-11-25 17:04:43,368|release|'н'
2019-11-25 17:04:43,691|press|'а'
2019-11-25 17:04:43,756|release|'а'
2019-11-25 17:04:44,048|press|'я'
2019-11-25 17:04:44,113|release|'я'
2019-11-25 17:04:44,134|press|Key.space
2019-11-25 17:04:44,207|release|Key.space
2019-11-25 17:04:45,655|press|'п'
2019-11-25 17:04:45,742|release|'п'
2019-11-25 17:04:46,167|press|'л'
2019-11-25 17:04:46,266|release|'л'
2019-11-25 17:04:46,366|press|'о'
2019-11-25 17:04:46,413|release|'о'
2019-11-25 17:04:47,638|press|'щ'
2019-11-25 17:04:47,699|release|'щ'
2019-11-25 17:04:48,184|press|'а'
2019-11-25 17:04:48,269|release|'а'
2019-11-25 17:04:48,637|press|'д'
2019-11-25 17:04:48,706|release|'д'
2019-11-25 17:04:48,799|press|'к'
2019-11-25 17:04:48,892|release|'к'
2019-11-25 17:04:48,956|press|'а'
2019-11-25 17:04:49,045|release|'а'
2019-11-25 17:04:49,061|press|Key.space
2019-11-25 17:04:49,146|release|Key.space
2019-11-25 17:04:50,970|press|'з'
2019-11-25 17:04:51,039|release|'з'
2019-11-25 17:04:51,275|press|'а'
2019-11-25 17:04:51,368|release|'а'
2019-11-25 17:04:51,459|press|Key.space
2019-11-25 17:04:51,544|release|Key.space
2019-11-25 17:04:51,595|press|'в'
2019-11-25 17:04:51,696|release|'в'
2019-11-25 17:04:51,795|press|'с'
2019-11-25 17:04:51,892|release|'с'
2019-11-25 17:04:52,640|press|'ю'
2019-11-25 17:04:52,721|release|'ю'
2019-11-25 17:04:52,790|press|Key.space
2019-11-25 17:04:52,851|release|Key.space
2019-11-25 17:04:53,114|press|'и'
2019-11-25 17:04:53,189|release|'и'
2019-11-25 17:04:53,433|press|'с'
2019-11-25 17:04:53,521|release|'с'
2019-11-25 17:04:53,647|press|'т'
2019-11-25 17:04:53,712|release|'т'
2019-11-25 17:04:53,854|press|'о'
2019-11-25 17:04:53,885|release|'о'
2019-11-25 17:04:54,200|press|'р'
2019-11-25 17:04:54,289|release|'р'
2019-11-25 17:04:54,405|press|'и'
2019-11-25 17:04:54,494|release|'и'
2019-11-25 17:04:54,882|press|'ю'
2019-11-25 17:04:54,955|release|'ю'
2019-11-25 17:04:54,962|press|Key.space
2019-11-25 17:04:55,038|release|Key.space
2019-11-25 17:04:57,087|press|'п'
2019-11-25 17:04:57,159|release|'п'
2019-11-25 17:04:57,527|press|'р'
2019-11-25 17:04:57,607|release|'р'
2019-11-25 17:04:57,757|press|'о'
2019-11-25 17:04:57,838|release|'о'
2019-11-25 17:04:58,085|press|'а'
2019-11-25 17:04:58,105|release|'а'
2019-11-25 17:04:58,468|press|Key.backspace
2019-11-25 17:04:58,580|release|Key.backspace
2019-11-25 17:04:58,633|press|'в'
2019-11-25 17:04:58,746|release|'в'
2019-11-25 17:04:59,297|press|'е'
2019-11-25 17:04:59,390|release|'е'
2019-11-25 17:04:59,581|press|'д'
2019-11-25 17:04:59,666|release|'д'
2019-11-25 17:04:59,706|press|'е'
2019-11-25 17:04:59,815|release|'е'
2019-11-25 17:04:59,933|press|'н'
2019-11-25 17:05:00,021|release|'н'
2019-11-25 17:05:00,150|press|'и'
2019-11-25 17:05:00,222|release|'и'
2019-11-25 17:05:00,547|press|'я'
2019-11-25 17:05:00,647|release|'я'
2019-11-25 17:05:00,686|press|Key.space
2019-11-25 17:05:00,763|release|Key.space
2019-11-25 17:05:01,024|press|'к'
2019-11-25 17:05:01,096|release|'к'
2019-11-25 17:05:01,312|press|'о'
2019-11-25 17:05:01,388|release|'о'
2019-11-25 17:05:01,581|press|'н'
2019-11-25 17:05:01,646|release|'н'
2019-11-25 17:05:02,150|press|'у'
2019-11-25 17:05:02,226|release|'у'
2019-11-25 17:05:02,494|press|Key.backspace
2019-11-25 17:05:02,598|release|Key.backspace
2019-11-25 17:05:02,644|press|'к'
2019-11-25 17:05:02,732|release|'к'
2019-11-25 17:05:02,757|press|'у'
2019-11-25 17:05:02,886|release|'у'
2019-11-25 17:05:03,244|press|'р'
2019-11-25 17:05:03,308|release|'р'
2019-11-25 17:05:03,537|press|'с'
2019-11-25 17:05:03,665|release|'с'
2019-11-25 17:05:03,726|press|'а'
2019-11-25 17:05:03,814|release|'а'
2019-11-25 17:05:03,837|press|Key.space
2019-11-25 17:05:03,905|release|Key.space
2019-11-25 17:05:06,787|press|Key.enter
2019-11-25 17:05:06,872|release|Key.enter
2019-11-25 17:05:07,787|press|'5'
2019-11-25 17:05:07,871|release|'5'
2019-11-25 17:05:07,983|press|'0'
2019-11-25 17:05:08,039|release|'0'
2019-11-25 17:05:08,152|press|'0'
2019-11-25 17:05:08,224|release|'0'
2019-11-25 17:05:08,738|press|'0'
2019-11-25 17:05:08,777|release|'0'
2019-11-25 17:05:08,915|press|Key.space
2019-11-25 17:05:09,007|release|Key.space
2019-11-25 17:05:09,864|press|'у'
2019-11-25 17:05:09,955|release|'у'
2019-11-25 17:05:10,159|press|'ч'
2019-11-25 17:05:10,255|release|'ч'
2019-11-25 17:05:10,383|press|'а'
2019-11-25 17:05:10,447|release|'а'
2019-11-25 17:05:10,551|press|'с'
2019-11-25 17:05:10,643|release|'с'
2019-11-25 17:05:10,915|press|'т'
2019-11-25 17:05:10,989|release|'т'
2019-11-25 17:05:11,083|press|'н'
2019-11-25 17:05:11,167|release|'н'
2019-11-25 17:05:11,433|press|'и'
2019-11-25 17:05:11,501|release|'и'
2019-11-25 17:05:11,868|press|'к'
2019-11-25 17:05:11,944|release|'к'
2019-11-25 17:05:11,978|press|'о'
2019-11-25 17:05:12,054|release|'о'
2019-11-25 17:05:12,114|press|'в'
2019-11-25 17:05:12,194|release|'в'
2019-11-25 17:05:12,198|press|Key.space
2019-11-25 17:05:12,262|release|Key.space
2019-11-25 17:05:12,575|press|Key.enter
2019-11-25 17:05:12,658|release|Key.enter
2019-11-25 17:05:18,631|press|'2'
2019-11-25 17:05:18,719|release|'2'
2019-11-25 17:05:19,294|press|Key.shift
2019-11-25 17:05:19,498|press|')'
2019-11-25 17:05:19,578|release|')'
2019-11-25 17:05:19,578|release|Key.shift
2019-11-25 17:05:20,078|press|Key.space
2019-11-25 17:05:20,135|release|Key.space
2019-11-25 17:05:20,253|press|Key.shift
2019-11-25 17:05:21,481|press|'Ш'
2019-11-25 17:05:21,569|release|Key.shift
2019-11-25 17:05:21,572|release|'ш'
2019-11-25 17:05:21,966|press|'о'
2019-11-25 17:05:22,058|release|'о'
2019-11-25 17:05:22,090|press|'у'
2019-11-25 17:05:22,174|release|'у'
2019-11-25 17:05:22,224|press|Key.space
2019-11-25 17:05:22,308|release|Key.space
2019-11-25 17:05:24,360|press|'ф'
2019-11-25 17:05:24,436|release|'ф'
2019-11-25 17:05:24,810|press|'е'
2019-11-25 17:05:24,897|release|'е'
2019-11-25 17:05:25,239|press|'й'
2019-11-25 17:05:25,314|release|'й'
2019-11-25 17:05:26,970|press|'е'
2019-11-25 17:05:27,054|release|'е'
2019-11-25 17:05:27,169|press|'р'
2019-11-25 17:05:27,241|release|'р'
2019-11-25 17:05:27,662|press|'в'
2019-11-25 17:05:27,762|release|'в'
2019-11-25 17:05:27,899|press|'е'
2019-11-25 17:05:27,991|release|'е'
2019-11-25 17:05:28,126|press|'р'
2019-11-25 17:05:28,210|release|'р'
2019-11-25 17:05:28,988|press|'к'
2019-11-25 17:05:29,056|release|'к'
2019-11-25 17:05:29,150|press|'о'
2019-11-25 17:05:29,222|release|'о'
2019-11-25 17:05:29,362|press|'в'
2019-11-25 17:05:29,418|release|'в'
2019-11-25 17:05:29,526|press|Key.space
2019-11-25 17:05:29,626|release|Key.space
2019-11-25 17:05:31,202|press|'п'
2019-11-25 17:05:31,314|release|'п'
2019-11-25 17:05:31,315|press|'р'
2019-11-25 17:05:31,438|release|'р'
2019-11-25 17:05:31,580|press|'и'
2019-11-25 17:05:31,664|release|'и'
2019-11-25 17:05:31,757|press|Key.space
2019-11-25 17:05:31,842|release|Key.space
2019-11-25 17:05:32,497|press|'у'
2019-11-25 17:05:32,541|release|'у'
2019-11-25 17:05:32,774|press|'ч'
2019-11-25 17:05:32,866|release|'ч'
2019-11-25 17:05:33,008|press|'а'
2019-11-25 17:05:33,098|release|'а'
2019-11-25 17:05:33,203|press|'с'
2019-11-25 17:05:33,271|release|'с'
2019-11-25 17:05:33,442|press|'т'
2019-11-25 17:05:33,530|release|'т'
2019-11-25 17:05:33,563|press|'и'
2019-11-25 17:05:33,643|release|'и'
2019-11-25 17:05:34,159|press|'и'
2019-11-25 17:05:34,232|release|'и'
2019-11-25 17:05:34,244|press|Key.space
2019-11-25 17:05:34,324|release|Key.space
2019-11-25 17:05:35,765|press|'в'
2019-11-25 17:05:35,858|release|'в'
2019-11-25 17:05:35,943|press|'с'
2019-11-25 17:05:36,051|release|'с'
2019-11-25 17:05:36,210|press|'к'
2019-11-25 17:05:36,286|release|'к'
2019-11-25 17:05:36,429|press|'м'
2019-11-25 17:05:36,502|release|'м'
2019-11-25 17:05:36,677|press|'и'
2019-11-25 17:05:36,769|release|'и'
2019-11-25 17:05:37,146|press|'р'
2019-11-25 17:05:37,210|release|'р'
2019-11-25 17:05:37,504|press|'н'
2019-11-25 17:05:37,588|release|'н'
2019-11-25 17:05:37,620|press|'о'
2019-11-25 17:05:37,712|release|'о'
2019-11-25 17:05:37,763|press|Key.space
2019-11-25 17:05:37,860|release|Key.space
2019-11-25 17:05:39,143|press|Key.left
2019-11-25 17:05:39,645|press|Key.left
2019-11-25 17:05:39,729|press|Key.left
2019-11-25 17:05:39,813|press|Key.left
2019-11-25 17:05:39,897|press|Key.left
2019-11-25 17:05:39,982|press|Key.left
2019-11-25 17:05:40,024|release|Key.left
2019-11-25 17:05:40,815|press|Key.backspace
2019-11-25 17:05:40,944|release|Key.backspace
2019-11-25 17:05:41,335|press|'у'
2019-11-25 17:05:41,412|release|'у'
2019-11-25 17:05:41,435|press|Key.right
2019-11-25 17:05:41,616|release|Key.right
2019-11-25 17:05:42,020|press|Key.backspace
2019-11-25 17:05:42,101|release|Key.backspace
2019-11-25 17:05:43,138|press|Key.backspace
2019-11-25 17:05:43,235|release|Key.backspace
2019-11-25 17:05:44,044|press|'е'
2019-11-25 17:05:44,105|release|'е'
2019-11-25 17:05:44,337|press|'м'
2019-11-25 17:05:44,398|release|'м'
2019-11-25 17:05:44,583|press|Key.right
2019-11-25 17:05:45,085|press|Key.right
2019-11-25 17:05:45,168|press|Key.right
2019-11-25 17:05:45,252|press|Key.right
2019-11-25 17:05:45,304|release|Key.right
2019-11-25 17:05:47,733|press|Key.space
2019-11-25 17:05:47,778|release|Key.space
2019-11-25 17:05:48,823|press|'и'
2019-11-25 17:05:48,895|release|'и'
2019-11-25 17:05:49,389|press|'з'
2019-11-25 17:05:49,457|release|'з'
2019-11-25 17:05:49,596|press|'в'
2019-11-25 17:05:49,672|release|'в'
2019-11-25 17:05:49,899|press|'е'
2019-11-25 17:05:49,980|release|'е'
2019-11-25 17:05:50,124|press|'с'
2019-11-25 17:05:50,185|release|'с'
2019-11-25 17:05:50,358|press|'т'
2019-11-25 17:05:50,422|release|'т'
2019-11-25 17:05:50,679|press|'н'
2019-11-25 17:05:50,751|release|'н'
2019-11-25 17:05:51,372|press|'ы'
2019-11-25 17:05:51,445|release|'ы'
2019-11-25 17:05:51,530|press|'х'
2019-11-25 17:05:51,586|release|'х'
2019-11-25 17:05:51,667|press|Key.space
2019-11-25 17:05:51,728|release|Key.space
2019-11-25 17:05:53,063|press|'п'
2019-11-25 17:05:53,135|release|'п'
2019-11-25 17:05:53,530|press|'и'
2019-11-25 17:05:53,613|release|'и'
2019-11-25 17:05:53,742|press|'р'
2019-11-25 17:05:53,815|release|'р'
2019-11-25 17:05:53,879|press|'о'
2019-11-25 17:05:53,960|release|'о'
2019-11-25 17:05:55,967|press|'т'
2019-11-25 17:05:55,967|release|'т'
2019-11-25 17:05:56,050|press|'е'
2019-11-25 17:05:56,127|release|'е'
2019-11-25 17:05:56,501|press|'х'
2019-11-25 17:05:56,574|release|'х'
2019-11-25 17:05:56,884|press|'н'
2019-11-25 17:05:56,968|release|'н'
2019-11-25 17:05:57,206|press|'м'
2019-11-25 17:05:57,275|release|'м'
2019-11-25 17:05:57,818|press|'к'
2019-11-25 17:05:57,894|release|'к'
2019-11-25 17:05:57,968|press|'о'
2019-11-25 17:05:58,045|release|'о'
2019-11-25 17:05:58,267|press|'в'
2019-11-25 17:05:58,352|release|'в'
2019-11-25 17:05:58,352|press|Key.space
2019-11-25 17:05:58,434|release|Key.space
2019-11-25 17:06:00,160|press|Key.left
2019-11-25 17:06:00,661|press|Key.left
2019-11-25 17:06:00,745|press|Key.left
2019-11-25 17:06:00,829|press|Key.left
2019-11-25 17:06:00,913|press|Key.left
2019-11-25 17:06:00,942|release|Key.left
2019-11-25 17:06:01,739|press|Key.right
2019-11-25 17:06:01,867|release|Key.right
2019-11-25 17:06:02,497|press|Key.backspace
2019-11-25 17:06:02,597|release|Key.backspace
2019-11-25 17:06:02,628|press|'и'
2019-11-25 17:06:02,708|release|'и'
2019-11-25 17:06:02,765|press|Key.right
2019-11-25 17:06:03,267|press|Key.right
2019-11-25 17:06:03,345|release|Key.right
2019-11-25 17:06:04,774|press|Key.right
2019-11-25 17:06:04,886|release|Key.right
2019-11-25 17:06:05,396|press|Key.enter
2019-11-25 17:06:05,440|release|Key.enter
2019-11-25 17:06:07,185|press|Key.backspace
2019-11-25 17:06:07,283|release|Key.backspace
2019-11-25 17:06:09,519|press|Key.backspace
2019-11-25 17:06:09,583|release|Key.backspace
2019-11-25 17:06:10,569|release|<63>
2019-11-25 17:06:10,846|press|'я'
2019-11-25 17:06:10,942|release|<63>
2019-11-25 17:06:11,006|release|'я'
2019-11-25 17:06:11,708|release|<63>
2019-11-25 17:06:11,812|release|<63>
2019-11-25 17:06:12,594|press|Key.cmd
2019-11-25 17:06:12,726|press|'z'
2019-11-25 17:06:12,834|release|'z'
2019-11-25 17:06:13,114|press|'z'
2019-11-25 17:06:13,238|release|'z'
2019-11-25 17:06:13,611|release|Key.cmd
2019-11-25 17:06:14,211|press|Key.alt_r
2019-11-25 17:06:14,379|release|Key.alt_r
2019-11-25 17:06:14,560|press|Key.alt_r
2019-11-25 17:06:14,700|release|Key.alt_r
2019-11-25 17:06:15,220|press|Key.left
2019-11-25 17:06:15,313|release|Key.left
2019-11-25 17:06:18,184|press|Key.left
2019-11-25 17:06:18,332|release|Key.left
2019-11-25 17:06:19,041|press|Key.right
2019-11-25 17:06:19,201|release|Key.right
2019-11-25 17:06:19,569|press|Key.backspace
2019-11-25 17:06:19,653|release|Key.backspace
2019-11-25 17:06:21,595|press|Key.enter
2019-11-25 17:06:21,649|release|Key.enter
2019-11-25 17:06:26,766|press|'2'
2019-11-25 17:06:26,870|release|'2'
2019-11-25 17:06:27,739|press|Key.shift
2019-11-25 17:06:27,887|press|')'
2019-11-25 17:06:27,951|release|')'
2019-11-25 17:06:28,019|release|Key.shift
2019-11-25 17:06:30,735|press|Key.enter
2019-11-25 17:06:30,799|release|Key.enter
2019-11-25 17:06:35,408|press|'7'
2019-11-25 17:06:35,489|release|'7'
2019-11-25 17:06:35,513|press|Key.space
2019-11-25 17:06:35,581|release|Key.space
2019-11-25 17:06:36,431|press|'д'
2019-11-25 17:06:36,508|release|'д'
2019-11-25 17:06:36,571|press|'н'
2019-11-25 17:06:36,663|press|'е'
2019-11-25 17:06:36,667|release|'н'
2019-11-25 17:06:36,763|release|'е'
2019-11-25 17:06:37,147|press|'й'
2019-11-25 17:06:37,215|press|Key.space
2019-11-25 17:06:37,232|release|'й'
2019-11-25 17:06:37,276|release|Key.space
2019-11-25 17:06:37,576|press|Key.enter
2019-11-25 17:06:37,673|release|Key.enter
2019-11-25 17:06:39,590|press|'7'
2019-11-25 17:06:39,674|release|'7'
2019-11-25 17:06:39,702|press|Key.space
2019-11-25 17:06:39,778|release|Key.space
2019-11-25 17:06:40,069|press|'п'
2019-11-25 17:06:40,145|release|'п'
2019-11-25 17:06:40,296|press|'л'
2019-11-25 17:06:40,360|release|'л'
2019-11-25 17:06:40,458|press|'о'
2019-11-25 17:06:40,531|release|'о'
2019-11-25 17:06:40,990|press|'щ'
2019-11-25 17:06:41,041|release|'щ'
2019-11-25 17:06:41,576|press|'а'
2019-11-25 17:06:41,652|release|'а'
2019-11-25 17:06:41,784|press|'д'
2019-11-25 17:06:41,852|release|'д'
2019-11-25 17:06:42,209|press|'о'
2019-11-25 17:06:42,321|release|'о'
2019-11-25 17:06:42,556|press|'к'
2019-11-25 17:06:42,642|release|'к'
2019-11-25 17:06:42,690|press|Key.space
2019-11-25 17:06:42,751|release|Key.space
2019-11-25 17:06:43,053|press|Key.enter
2019-11-25 17:06:43,142|release|Key.enter
2019-11-25 17:06:45,143|press|'7'
2019-11-25 17:06:45,147|release|'7'
2019-11-25 17:06:45,240|press|Key.space
2019-11-25 17:06:45,277|release|Key.space
2019-11-25 17:06:45,549|press|'с'
2019-11-25 17:06:45,626|release|'с'
2019-11-25 17:06:45,751|press|'т'
2019-11-25 17:06:45,828|release|'т'
2019-11-25 17:06:46,034|press|'р'
2019-11-25 17:06:46,087|release|'р'
2019-11-25 17:06:46,399|press|'а'
2019-11-25 17:06:46,468|release|'а'
2019-11-25 17:06:46,728|press|'н'
2019-11-25 17:06:46,805|release|'н'
2019-11-25 17:06:46,830|press|Key.space
2019-11-25 17:06:46,895|release|Key.space
2019-11-25 17:06:47,654|press|Key.enter
2019-11-25 17:06:47,719|release|Key.enter
2019-11-25 17:06:48,445|press|Key.backspace
2019-11-25 17:06:48,530|release|Key.backspace
2019-11-25 17:06:49,077|press|Key.backspace
2019-11-25 17:06:49,158|release|Key.backspace
2019-11-25 17:06:51,206|press|Key.backspace
2019-11-25 17:06:51,263|release|Key.backspace
2019-11-25 17:07:43,957|press|Key.shift
2019-11-25 17:07:44,170|press|'Ы'
2019-11-25 17:07:44,243|release|Key.shift
2019-11-25 17:07:44,299|release|'ы'
2019-11-25 17:07:45,256|press|Key.backspace
2019-11-25 17:07:45,356|release|Key.backspace
2019-11-25 17:07:45,577|press|Key.cmd
2019-11-25 17:07:45,889|press|Key.space
2019-11-25 17:07:45,994|release|Key.cmd
2019-11-25 17:07:46,057|release|Key.space
2019-11-25 17:07:46,309|press|Key.shift
2019-11-25 17:07:46,576|press|'S'
2019-11-25 17:07:46,648|release|Key.shift
2019-11-25 17:07:46,701|release|'s'
2019-11-25 17:07:47,378|press|Key.enter
